country,date,cases,new cases,pop,School closure,Border closure,Event ban,Gathering ban,Venue closure,Lockdown,Work ban
United States,2020-01-21,0,1,327.2,0,0,0,0,0,0,0
United States,2020-01-22,1,0,327.2,0,0,0,0,0,0,0
France,2020-01-23,0,2,67,0,0,0,0,0,0,0
United States,2020-01-23,1,1,327.2,0,0,0,0,0,0,0
France,2020-01-24,2,1,67,0,0,0,0,0,0,0
United States,2020-01-24,2,0,327.2,0,0,0,0,0,0,0
Australia,2020-01-25,0,4,25,0,0,0,0,0,0,0
Canada,2020-01-25,0,1,37.1,0,0,0,0,0,0,0
France,2020-01-25,3,0,67,0,0,0,0,0,0,0
United States,2020-01-25,2,3,327.2,0,0,0,0,0,0,0
Germany,2020-01-26,0,1,82.9,0,0,0,0,0,0,0
Australia,2020-01-26,4,1,25,0,0,0,0,0,0,0
Canada,2020-01-26,1,0,37.1,0,0,0,0,0,0,0
France,2020-01-26,3,0,67,0,0,0,0,0,0,0
United States,2020-01-26,5,0,327.2,0,0,0,0,0,0,0
Australia,2020-01-27,5,0,25,0,0,0,0,0,0,0
Canada,2020-01-27,1,1,37.1,0,0,0,0,0,0,0
Germany,2020-01-27,1,3,82.9,0,0,0,0,0,0,0
France,2020-01-27,3,1,67,0,0,0,0,0,0,0
United States,2020-01-27,5,0,327.2,0,0,0,0,0,0,0
Finland,2020-01-28,0,1,5.5,0,0,0,0,0,0,0
Australia,2020-01-28,5,1,25,0,0,0,0,0,0,0
Canada,2020-01-28,2,0,37.1,0,0,0,0,0,0,0
Germany,2020-01-28,4,0,82.9,0,0,0,0,0,0,0
France,2020-01-28,4,1,67,0,0,0,0,0,0,0
United States,2020-01-28,5,0,327.2,0,0,0,0,0,0,0
Australia,2020-01-29,6,3,25,0,0,0,0,0,0,0
Canada,2020-01-29,2,0,37.1,0,0,0,0,0,0,0
Germany,2020-01-29,4,0,82.9,0,0,0,0,0,0,0
Finland,2020-01-29,1,0,5.5,0,0,0,0,0,0,0
France,2020-01-29,5,0,67,0,0,0,0,0,0,0
United States,2020-01-29,5,0,327.2,0,0,0,0,0,0,0
United Kingdom,2020-01-30,0,2,66.5,0,0,0,0,0,0,0
Italy,2020-01-30,0,2,60.4,0,0,0,0,0,0,0
Sweden,2020-01-30,0,1,10.2,0,0,0,0,0,0,0
Australia,2020-01-30,9,0,25,0,0,0,0,0,0,0
Canada,2020-01-30,2,2,37.1,0,0,0,0,0,0,0
Germany,2020-01-30,4,1,82.9,0,0,0,0,0,0,0
Finland,2020-01-30,1,0,5.5,0,0,0,0,0,0,0
France,2020-01-30,5,0,67,0,0,0,0,0,0,0
United States,2020-01-30,5,2,327.2,0,0,0,0,0,0,0
Spain,2020-01-31,0,1,46.7,0,0,0,0,0,0,0
Australia,2020-01-31,9,3,25,0,0,0,0,0,0,0
Canada,2020-01-31,4,0,37.1,0,0,0,0,0,0,0
Germany,2020-01-31,5,3,82.9,0,0,0,0,0,0,0
Finland,2020-01-31,1,0,5.5,0,0,0,0,0,0,0
France,2020-01-31,5,1,67,0,0,0,0,0,0,0
United Kingdom,2020-01-31,2,0,66.5,0,0,0,0,0,0,0
Italy,2020-01-31,2,0,60.4,0,0,0,0,0,0,0
Sweden,2020-01-31,1,0,10.2,0,0,0,0,0,0,0
United States,2020-01-31,7,1,327.2,0,0,0,0,0,0,0
Australia,2020-02-01,12,0,25,0,0,0,0,0,0,0
Canada,2020-02-01,4,0,37.1,0,0,0,0,0,0,0
Germany,2020-02-01,8,2,82.9,0,0,0,0,0,0,0
Spain,2020-02-01,1,0,46.7,0,0,0,0,0,0,0
Finland,2020-02-01,1,0,5.5,0,0,0,0,0,0,0
France,2020-02-01,6,0,67,0,0,0,0,0,0,0
United Kingdom,2020-02-01,2,0,66.5,0,0,0,0,0,0,0
Italy,2020-02-01,2,0,60.4,0,0,0,0,0,0,0
Sweden,2020-02-01,1,0,10.2,0,0,0,0,0,0,0
United States,2020-02-01,8,0,327.2,0,0,0,0,0,0,0
Australia,2020-02-02,12,0,25,0,0,0,0,0,0,0
Canada,2020-02-02,4,0,37.1,0,0,0,0,0,0,0
Germany,2020-02-02,10,2,82.9,0,0,0,0,0,0,0
Spain,2020-02-02,1,0,46.7,0,0,0,0,0,0,0
Finland,2020-02-02,1,0,5.5,0,0,0,0,0,0,0
France,2020-02-02,6,0,67,0,0,0,0,0,0,0
United Kingdom,2020-02-02,2,0,66.5,0,0,0,0,0,0,0
Italy,2020-02-02,2,0,60.4,0,0,0,0,0,0,0
Sweden,2020-02-02,1,0,10.2,0,0,0,0,0,0,0
United States,2020-02-02,8,3,327.2,0,0,0,0,0,0,0
Belgium,2020-02-03,0,1,11.4,0,0,0,0,0,0,0
Australia,2020-02-03,12,1,25,0,0,0,0,0,0,0
Canada,2020-02-03,4,0,37.1,0,0,0,0,0,0,0
Germany,2020-02-03,12,0,82.9,0,0,0,0,0,0,0
Spain,2020-02-03,1,0,46.7,0,0,0,0,0,0,0
Finland,2020-02-03,1,0,5.5,0,0,0,0,0,0,0
France,2020-02-03,6,0,67,0,0,0,0,0,0,0
United Kingdom,2020-02-03,2,0,66.5,0,0,0,0,0,0,0
Italy,2020-02-03,2,0,60.4,0,0,0,0,0,0,0
Sweden,2020-02-03,1,0,10.2,0,0,0,0,0,0,0
United States,2020-02-03,11,0,327.2,0,0,0,0,0,0,0
Australia,2020-02-04,13,0,25,0,0,0,0,0,0,0
Belgium,2020-02-04,1,0,11.4,0,0,0,0,0,0,0
Canada,2020-02-04,4,1,37.1,0,0,0,0,0,0,0
Germany,2020-02-04,12,0,82.9,0,0,0,0,0,0,0
Spain,2020-02-04,1,0,46.7,0,0,0,0,0,0,0
Finland,2020-02-04,1,0,5.5,0,0,0,0,0,0,0
France,2020-02-04,6,0,67,0,0,0,0,0,0,0
United Kingdom,2020-02-04,2,0,66.5,0,0,0,0,0,0,0
Italy,2020-02-04,2,0,60.4,0,0,0,0,0,0,0
Sweden,2020-02-04,1,0,10.2,0,0,0,0,0,0,0
United States,2020-02-04,11,0,327.2,0,0,0,0,0,0,0
Australia,2020-02-05,13,1,25,0,0,0,0,0,0,0
Belgium,2020-02-05,1,0,11.4,0,0,0,0,0,0,0
Canada,2020-02-05,5,0,37.1,0,0,0,0,0,0,0
Germany,2020-02-05,12,0,82.9,0,0,0,0,0,0,0
Spain,2020-02-05,1,0,46.7,0,0,0,0,0,0,0
Finland,2020-02-05,1,0,5.5,0,0,0,0,0,0,0
France,2020-02-05,6,0,67,0,0,0,0,0,0,0
United Kingdom,2020-02-05,2,0,66.5,0,0,0,0,0,0,0
Italy,2020-02-05,2,0,60.4,0,0,0,0,0,0,0
Sweden,2020-02-05,1,0,10.2,0,0,0,0,0,0,0
United States,2020-02-05,11,0,327.2,0,0,0,0,0,0,0
Australia,2020-02-06,14,1,25,0,0,0,0,0,0,0
Belgium,2020-02-06,1,0,11.4,0,0,0,0,0,0,0
Canada,2020-02-06,5,2,37.1,0,0,0,0,0,0,0
Germany,2020-02-06,12,1,82.9,0,0,0,0,0,0,0
Spain,2020-02-06,1,0,46.7,0,0,0,0,0,0,0
Finland,2020-02-06,1,0,5.5,0,0,0,0,0,0,0
France,2020-02-06,6,0,67,0,0,0,0,0,0,0
United Kingdom,2020-02-06,2,1,66.5,0,0,0,0,0,0,0
Italy,2020-02-06,2,1,60.4,0,0,0,0,0,0,0
Sweden,2020-02-06,1,0,10.2,0,0,0,0,0,0,0
United States,2020-02-06,11,0,327.2,0,0,0,0,0,0,0
Australia,2020-02-07,15,0,25,0,0,0,0,0,0,0
Belgium,2020-02-07,1,0,11.4,0,0,0,0,0,0,0
Canada,2020-02-07,7,0,37.1,0,0,0,0,0,0,0
Germany,2020-02-07,13,0,82.9,0,0,0,0,0,0,0
Spain,2020-02-07,1,0,46.7,0,0,0,0,0,0,0
Finland,2020-02-07,1,0,5.5,0,0,0,0,0,0,0
France,2020-02-07,6,5,67,0,0,0,0,0,0,0
United Kingdom,2020-02-07,3,0,66.5,0,0,0,0,0,0,0
Italy,2020-02-07,3,0,60.4,0,0,0,0,0,0,0
Sweden,2020-02-07,1,0,10.2,0,0,0,0,0,0,0
United States,2020-02-07,11,0,327.2,0,0,0,0,0,0,0
Australia,2020-02-08,15,0,25,0,0,0,0,0,0,0
Belgium,2020-02-08,1,0,11.4,0,0,0,0,0,0,0
Canada,2020-02-08,7,0,37.1,0,0,0,0,0,0,0
Germany,2020-02-08,13,1,82.9,0,0,0,0,0,0,0
Spain,2020-02-08,1,1,46.7,0,0,0,0,0,0,0
Finland,2020-02-08,1,0,5.5,0,0,0,0,0,0,0
France,2020-02-08,11,0,67,0,0,0,0,0,0,0
United Kingdom,2020-02-08,3,0,66.5,0,0,0,0,0,0,0
Italy,2020-02-08,3,0,60.4,0,0,0,0,0,0,0
Sweden,2020-02-08,1,0,10.2,0,0,0,0,0,0,0
United States,2020-02-08,11,0,327.2,0,0,0,0,0,0,0
Australia,2020-02-09,15,0,25,0,0,0,0,0,0,0
Belgium,2020-02-09,1,0,11.4,0,0,0,0,0,0,0
Canada,2020-02-09,7,0,37.1,0,0,0,0,0,0,0
Germany,2020-02-09,14,0,82.9,0,0,0,0,0,0,0
Spain,2020-02-09,2,0,46.7,0,0,0,0,0,0,0
Finland,2020-02-09,1,0,5.5,0,0,0,0,0,0,0
France,2020-02-09,11,0,67,0,0,0,0,0,0,0
United Kingdom,2020-02-09,3,5,66.5,0,0,0,0,0,0,0
Italy,2020-02-09,3,0,60.4,0,0,0,0,0,0,0
Sweden,2020-02-09,1,0,10.2,0,0,0,0,0,0,0
United States,2020-02-09,11,0,327.2,0,0,0,0,0,0,0
Australia,2020-02-10,15,0,25,0,0,0,0,0,0,0
Belgium,2020-02-10,1,0,11.4,0,0,0,0,0,0,0
Canada,2020-02-10,7,0,37.1,0,0,0,0,0,0,0
Germany,2020-02-10,14,2,82.9,0,0,0,0,0,0,0
Spain,2020-02-10,2,0,46.7,0,0,0,0,0,0,0
Finland,2020-02-10,1,0,5.5,0,0,0,0,0,0,0
France,2020-02-10,11,0,67,0,0,0,0,0,0,0
United Kingdom,2020-02-10,8,0,66.5,0,0,0,0,0,0,0
Italy,2020-02-10,3,0,60.4,0,0,0,0,0,0,0
Sweden,2020-02-10,1,0,10.2,0,0,0,0,0,0,0
United States,2020-02-10,11,1,327.2,0,0,0,0,0,0,0
Australia,2020-02-11,15,0,25,0,0,0,0,0,0,0
Belgium,2020-02-11,1,0,11.4,0,0,0,0,0,0,0
Canada,2020-02-11,7,0,37.1,0,0,0,0,0,0,0
Germany,2020-02-11,16,0,82.9,0,0,0,0,0,0,0
Spain,2020-02-11,2,0,46.7,0,0,0,0,0,0,0
Finland,2020-02-11,1,0,5.5,0,0,0,0,0,0,0
France,2020-02-11,11,0,67,0,0,0,0,0,0,0
United Kingdom,2020-02-11,8,1,66.5,0,0,0,0,0,0,0
Italy,2020-02-11,3,0,60.4,0,0,0,0,0,0,0
Sweden,2020-02-11,1,0,10.2,0,0,0,0,0,0,0
United States,2020-02-11,12,0,327.2,0,0,0,0,0,0,0
Australia,2020-02-12,15,0,25,0,0,0,0,0,0,0
Belgium,2020-02-12,1,0,11.4,0,0,0,0,0,0,0
Canada,2020-02-12,7,0,37.1,0,0,0,0,0,0,0
Germany,2020-02-12,16,0,82.9,0,0,0,0,0,0,0
Spain,2020-02-12,2,0,46.7,0,0,0,0,0,0,0
Finland,2020-02-12,1,0,5.5,0,0,0,0,0,0,0
France,2020-02-12,11,0,67,0,0,0,0,0,0,0
United Kingdom,2020-02-12,9,0,66.5,0,0,0,0,0,0,0
Italy,2020-02-12,3,0,60.4,0,0,0,0,0,0,0
Sweden,2020-02-12,1,0,10.2,0,0,0,0,0,0,0
United States,2020-02-12,12,1,327.2,0,0,0,0,0,0,0
Australia,2020-02-13,15,0,25,0,0,0,0,0,0,0
Belgium,2020-02-13,1,0,11.4,0,0,0,0,0,0,0
Canada,2020-02-13,7,0,37.1,0,0,0,0,0,0,0
Germany,2020-02-13,16,0,82.9,0,0,0,0,0,0,0
Spain,2020-02-13,2,0,46.7,0,0,0,0,0,0,0
Finland,2020-02-13,1,0,5.5,0,0,0,0,0,0,0
France,2020-02-13,11,0,67,0,0,0,0,0,0,0
United Kingdom,2020-02-13,9,0,66.5,0,0,0,0,0,0,0
Italy,2020-02-13,3,0,60.4,0,0,0,0,0,0,0
Sweden,2020-02-13,1,0,10.2,0,0,0,0,0,0,0
United States,2020-02-13,13,0,327.2,0,0,0,0,0,0,0
Australia,2020-02-14,15,0,25,0,0,0,0,0,0,0
Belgium,2020-02-14,1,0,11.4,0,0,0,0,0,0,0
Canada,2020-02-14,7,0,37.1,0,0,0,0,0,0,0
Germany,2020-02-14,16,0,82.9,0,0,0,0,0,0,0
Spain,2020-02-14,2,0,46.7,0,0,0,0,0,0,0
Finland,2020-02-14,1,0,5.5,0,0,0,0,0,0,0
France,2020-02-14,11,1,67,0,0,0,0,0,0,0
United Kingdom,2020-02-14,9,0,66.5,0,0,0,0,0,0,0
Italy,2020-02-14,3,0,60.4,0,0,0,0,0,0,0
Sweden,2020-02-14,1,0,10.2,0,0,0,0,0,0,0
United States,2020-02-14,13,0,327.2,0,0,0,0,0,0,0
Australia,2020-02-15,15,0,25,0,0,0,0,0,0,0
Belgium,2020-02-15,1,0,11.4,0,0,0,0,0,0,0
Canada,2020-02-15,7,0,37.1,0,0,0,0,0,0,0
Germany,2020-02-15,16,0,82.9,0,0,0,0,0,0,0
Spain,2020-02-15,2,0,46.7,0,0,0,0,0,0,0
Finland,2020-02-15,1,0,5.5,0,0,0,0,0,0,0
France,2020-02-15,12,0,67,0,0,0,0,0,0,0
United Kingdom,2020-02-15,9,0,66.5,0,0,0,0,0,0,0
Italy,2020-02-15,3,0,60.4,0,0,0,0,0,0,0
Sweden,2020-02-15,1,0,10.2,0,0,0,0,0,0,0
United States,2020-02-15,13,0,327.2,0,0,0,0,0,0,0
Australia,2020-02-16,15,0,25,0,0,0,0,0,0,0
Belgium,2020-02-16,1,0,11.4,0,0,0,0,0,0,0
Canada,2020-02-16,7,1,37.1,0,0,0,0,0,0,0
Germany,2020-02-16,16,0,82.9,0,0,0,0,0,0,0
Spain,2020-02-16,2,0,46.7,0,0,0,0,0,0,0
Finland,2020-02-16,1,0,5.5,0,0,0,0,0,0,0
France,2020-02-16,12,0,67,0,0,0,0,0,0,0
United Kingdom,2020-02-16,9,0,66.5,0,0,0,0,0,0,0
Italy,2020-02-16,3,0,60.4,0,0,0,0,0,0,0
Sweden,2020-02-16,1,0,10.2,0,0,0,0,0,0,0
United States,2020-02-16,13,0,327.2,0,0,0,0,0,0,0
Australia,2020-02-17,15,0,25,0,0,0,0,0,0,0
Belgium,2020-02-17,1,0,11.4,0,0,0,0,0,0,0
Canada,2020-02-17,8,0,37.1,0,0,0,0,0,0,0
Germany,2020-02-17,16,0,82.9,0,0,0,0,0,0,0
Spain,2020-02-17,2,0,46.7,0,0,0,0,0,0,0
Finland,2020-02-17,1,0,5.5,0,0,0,0,0,0,0
France,2020-02-17,12,0,67,0,0,0,0,0,0,0
United Kingdom,2020-02-17,9,0,66.5,0,0,0,0,0,0,0
Italy,2020-02-17,3,0,60.4,0,0,0,0,0,0,0
Sweden,2020-02-17,1,0,10.2,0,0,0,0,0,0,0
United States,2020-02-17,13,0,327.2,0,0,0,0,0,0,0
Australia,2020-02-18,15,0,25,0,0,0,0,0,0,0
Belgium,2020-02-18,1,0,11.4,0,0,0,0,0,0,0
Canada,2020-02-18,8,0,37.1,0,0,0,0,0,0,0
Germany,2020-02-18,16,0,82.9,0,0,0,0,0,0,0
Spain,2020-02-18,2,0,46.7,0,0,0,0,0,0,0
Finland,2020-02-18,1,0,5.5,0,0,0,0,0,0,0
France,2020-02-18,12,0,67,0,0,0,0,0,0,0
United Kingdom,2020-02-18,9,0,66.5,0,0,0,0,0,0,0
Italy,2020-02-18,3,0,60.4,0,0,0,0,0,0,0
Sweden,2020-02-18,1,0,10.2,0,0,0,0,0,0,0
United States,2020-02-18,13,0,327.2,0,0,0,0,0,0,0
Australia,2020-02-19,15,0,25,0,0,0,0,0,0,0
Belgium,2020-02-19,1,0,11.4,0,0,0,0,0,0,0
Canada,2020-02-19,8,0,37.1,0,0,0,0,0,0,0
Germany,2020-02-19,16,0,82.9,0,0,0,0,0,0,0
Spain,2020-02-19,2,0,46.7,0,0,0,0,0,0,0
Finland,2020-02-19,1,0,5.5,0,0,0,0,0,0,0
France,2020-02-19,12,0,67,0,0,0,0,0,0,0
United Kingdom,2020-02-19,9,0,66.5,0,0,0,0,0,0,0
Italy,2020-02-19,3,0,60.4,0,0,0,0,0,0,0
Sweden,2020-02-19,1,0,10.2,0,0,0,0,0,0,0
United States,2020-02-19,13,0,327.2,0,0,0,0,0,0,0
Australia,2020-02-20,15,0,25,0,0,0,0,0,0,0
Belgium,2020-02-20,1,0,11.4,0,0,0,0,0,0,0
Canada,2020-02-20,8,1,37.1,0,0,0,0,0,0,0
Germany,2020-02-20,16,0,82.9,0,0,0,0,0,0,0
Spain,2020-02-20,2,0,46.7,0,0,0,0,0,0,0
Finland,2020-02-20,1,0,5.5,0,0,0,0,0,0,0
France,2020-02-20,12,0,67,0,0,0,0,0,0,0
United Kingdom,2020-02-20,9,0,66.5,0,0,0,0,0,0,0
Italy,2020-02-20,3,17,60.4,0,0,0,0,0,0,0
Sweden,2020-02-20,1,0,10.2,0,0,0,0,0,0,0
United States,2020-02-20,13,2,327.2,0,0,0,0,0,0,0
Australia,2020-02-21,15,0,25,0,0,0,0,0,0,0
Belgium,2020-02-21,1,0,11.4,0,0,0,0,0,0,0
Canada,2020-02-21,9,0,37.1,0,0,0,0,0,0,0
Germany,2020-02-21,16,0,82.9,0,0,0,0,0,0,0
Spain,2020-02-21,2,0,46.7,0,0,0,0,0,0,0
Finland,2020-02-21,1,0,5.5,0,0,0,0,0,0,0
France,2020-02-21,12,0,67,0,0,0,0,0,0,0
United Kingdom,2020-02-21,9,0,66.5,0,0,0,0,0,0,0
Italy,2020-02-21,20,42,60.4,0,0,0,0,0,0,0
Sweden,2020-02-21,1,0,10.2,0,0,0,0,0,0,0
United States,2020-02-21,15,0,327.2,0,0,0,0,0,0,0
Australia,2020-02-22,15,0,25,0,0,0,0,0,0,0
Belgium,2020-02-22,1,0,11.4,0,0,0,0,0,0,0
Canada,2020-02-22,9,0,37.1,0,0,0,0,0,0,0
Germany,2020-02-22,16,0,82.9,0,0,0,0,0,0,0
Spain,2020-02-22,2,0,46.7,0,0,0,0,0,0,0
Finland,2020-02-22,1,0,5.5,0,0,0,0,0,0,0
France,2020-02-22,12,0,67,0,0,0,0,0,0,0
United Kingdom,2020-02-22,9,0,66.5,0,0,0,0,0,0,0
Italy,2020-02-22,62,93,60.4,0,0,0,0,0,0,0
Sweden,2020-02-22,1,0,10.2,0,0,0,0,0,0,0
United States,2020-02-22,15,0,327.2,0,0,0,0,0,0,0
Australia,2020-02-23,15,0,25,0,0,0,0,0,0,0
Belgium,2020-02-23,1,0,11.4,0,0,0,0,0,0,0
Canada,2020-02-23,9,1,37.1,0,0,0,0,0,0,0
Germany,2020-02-23,16,0,82.9,0,0,0,0,0,0,0
Spain,2020-02-23,2,0,46.7,0,0,0,0,0,0,0
Finland,2020-02-23,1,0,5.5,0,0,0,0,0,0,0
France,2020-02-23,12,0,67,0,0,0,0,0,0,0
United Kingdom,2020-02-23,9,4,66.5,0,0,0,0,0,0,0
Italy,2020-02-23,155,74,60.4,0,0,0,0,0,0,0
Sweden,2020-02-23,1,0,10.2,0,0,0,0,0,0,0
United States,2020-02-23,15,36,327.2,0,0,0,0,0,0,0
Austria,2020-02-24,0,2,8.8,0,0,0,0,0,0,0
Switzerland,2020-02-24,0,1,8.5,0,0,0,0,0,0,0
Australia,2020-02-24,15,0,25,0,0,0,0,0,0,0
Belgium,2020-02-24,1,0,11.4,0,0,0,0,0,0,0
Canada,2020-02-24,10,1,37.1,0,0,0,0,0,0,0
Germany,2020-02-24,16,1,82.9,0,0,0,0,0,0,0
Spain,2020-02-24,2,4,46.7,0,0,0,0,0,0,0
Finland,2020-02-24,1,0,5.5,0,0,0,0,0,0,0
France,2020-02-24,12,2,67,0,0,0,0,0,0,0
United Kingdom,2020-02-24,13,0,66.5,0,0,0,0,0,0,0
Italy,2020-02-24,229,93,60.4,0,0,0,0,0,0,0
Sweden,2020-02-24,1,0,10.2,0,0,0,0,0,0,0
United States,2020-02-24,51,0,327.2,0,0,0,0,0,0,0
Greece,2020-02-25,0,1,10.7,0,0,0,0,0,0,0
Norway,2020-02-25,0,1,5.3,0,0,0,0,0,0,0
Australia,2020-02-25,15,0,25,0,0,0,0,0,0,0
Austria,2020-02-25,2,0,8.8,0,0,0,0,0,0,0
Belgium,2020-02-25,1,0,11.4,0,0,0,0,0,0,0
Canada,2020-02-25,11,0,37.1,0,0,0,0,0,0,0
Switzerland,2020-02-25,1,0,8.5,0,0,0,0,0,0,0
Germany,2020-02-25,17,10,82.9,0,0,0,0,0,0,0
Spain,2020-02-25,6,7,46.7,0,0,0,0,0,0,0
Finland,2020-02-25,1,1,5.5,0,0,0,0,0,0,0
France,2020-02-25,14,4,67,0,0,0,0,0,0,0
United Kingdom,2020-02-25,13,0,66.5,0,0,0,0,0,0,0
Italy,2020-02-25,322,131,60.4,0,0,0,0,0,0,0
Sweden,2020-02-25,1,1,10.2,0,0,0,0,0,0,0
United States,2020-02-25,51,6,327.2,0,0,0,0,0,0,0
Denmark,2020-02-26,0,1,5.8,0,0,0,0,0,0,0
Netherlands,2020-02-26,0,1,17.2,0,0,0,0,0,0,0
Australia,2020-02-26,15,0,25,0,0,0,0,0,0,0
Austria,2020-02-26,2,1,8.8,0,0,0,0,0,0,0
Belgium,2020-02-26,1,0,11.4,0,0,0,0,0,0,0
Canada,2020-02-26,11,2,37.1,0,0,0,0,0,0,0
Switzerland,2020-02-26,1,7,8.5,0,0,0,0,0,0,0
Germany,2020-02-26,27,19,82.9,0,0,0,0,0,0,0
Spain,2020-02-26,13,2,46.7,0,0,0,0,0,0,0
Finland,2020-02-26,2,0,5.5,0,0,0,0,0,0,0
France,2020-02-26,18,20,67,0,0,0,0,0,0,0
United Kingdom,2020-02-26,13,2,66.5,0,0,0,0,0,0,0
Greece,2020-02-26,1,2,10.7,0,0,0,0,0,0,0
Italy,2020-02-26,453,202,60.4,0,0,0,0,0,0,0
Norway,2020-02-26,1,0,5.3,0,0,0,0,0,0,0
Sweden,2020-02-26,2,5,10.2,0,0,0,0,0,0,0
United States,2020-02-26,57,1,327.2,0,0,0,0,0,0,0
Australia,2020-02-27,15,0,25,0,0,0,0,0,0,0
Austria,2020-02-27,3,0,8.8,0,0,0,0,0,0,0
Belgium,2020-02-27,1,0,11.4,0,0,0,0,0,0,0
Canada,2020-02-27,13,1,37.1,0,0,0,0,0,0,0
Switzerland,2020-02-27,8,0,8.5,0,0,0,0,0,0,0
Germany,2020-02-27,46,2,82.9,0,0,0,0,0,0,0
Denmark,2020-02-27,1,0,5.8,0,0,0,0,0,0,0
Spain,2020-02-27,15,17,46.7,0,0,0,0,0,0,0
Finland,2020-02-27,2,0,5.5,0,0,0,0,0,0,0
France,2020-02-27,38,19,67,0,0,0,0,0,0,0
United Kingdom,2020-02-27,15,5,66.5,0,0,0,0,0,0,0
Greece,2020-02-27,3,1,10.7,0,0,0,0,0,0,0
Italy,2020-02-27,655,233,60.4,0,0,0,0,0,0,0
Netherlands,2020-02-27,1,0,17.2,0,0,0,0,0,0,0
Norway,2020-02-27,1,5,5.3,0,0,0,0,0,0,0
Sweden,2020-02-27,7,0,10.2,0,0,0,0,0,0,0
United States,2020-02-27,58,2,327.2,0,0,0,0,0,0,0
Ireland,2020-02-28,0,1,4.9,0,0,0,0,0,0,0
Luxembourg,2020-02-28,0,1,0.6,0,0,0,0,0,0,0
Australia,2020-02-28,15,10,25,0,0,0,0,0,0,0
Austria,2020-02-28,3,6,8.8,0,0,0,0,0,0,0
Belgium,2020-02-28,1,0,11.4,0,0,0,0,0,0,0
Canada,2020-02-28,14,6,37.1,0,0,0,0,0,0,0
Switzerland,2020-02-28,8,10,8.5,0,0,1,0,0,0,0
Germany,2020-02-28,48,31,82.9,0,0,0,0,0,0,0
Denmark,2020-02-28,1,2,5.8,0,0,0,0,0,0,0
Spain,2020-02-28,32,13,46.7,0,0,0,0,0,0,0
Finland,2020-02-28,2,1,5.5,0,0,0,0,0,0,0
France,2020-02-28,57,43,67,0,0,0,0,0,0,0
United Kingdom,2020-02-28,20,3,66.5,0,0,0,0,0,0,0
Greece,2020-02-28,4,0,10.7,0,0,0,0,0,0,0
Italy,2020-02-28,888,240,60.4,0,0,0,0,0,0,0
Netherlands,2020-02-28,1,5,17.2,0,0,0,0,0,0,0
Norway,2020-02-28,6,9,5.3,0,0,0,0,0,0,0
Sweden,2020-02-28,7,5,10.2,0,0,0,0,0,0,0
United States,2020-02-28,60,8,327.2,0,0,0,0,0,0,0
Australia,2020-02-29,25,2,25,0,0,0,0,0,0,0
Austria,2020-02-29,9,5,8.8,0,0,0,0,0,0,0
Belgium,2020-02-29,1,1,11.4,0,0,0,0,0,0,0
Canada,2020-02-29,20,4,37.1,0,0,0,0,0,0,0
Switzerland,2020-02-29,18,9,8.5,0,0,1,0,0,0,0
Germany,2020-02-29,79,51,82.9,0,0,0,0,0,0,0
Denmark,2020-02-29,3,1,5.8,0,0,0,0,0,0,0
Spain,2020-02-29,45,39,46.7,0,0,0,0,0,0,0
Finland,2020-02-29,3,3,5.5,0,0,0,0,0,0,0
France,2020-02-29,100,30,67,0,0,0,0,0,0,0
United Kingdom,2020-02-29,23,13,66.5,0,0,0,0,0,0,0
Greece,2020-02-29,4,3,10.7,0,0,0,0,0,0,0
Ireland,2020-02-29,1,0,4.9,0,0,0,0,0,0,0
Italy,2020-02-29,1128,566,60.4,0,0,0,0,0,0,0
Luxembourg,2020-02-29,1,0,0.6,0,0,0,0,0,0,0
Netherlands,2020-02-29,6,4,17.2,0,0,0,0,0,0,0
Norway,2020-02-29,15,4,5.3,0,0,0,0,0,0,0
Sweden,2020-02-29,12,2,10.2,0,0,0,0,0,0,0
United States,2020-02-29,68,6,327.2,0,0,0,0,0,0,0
Portugal,2020-03-01,0,2,10.3,0,0,0,0,0,0,0
Australia,2020-03-01,27,3,25,0,0,0,0,0,0,0
Austria,2020-03-01,14,4,8.8,0,0,0,0,0,0,0
Belgium,2020-03-01,2,6,11.4,0,0,0,0,0,0,0
Canada,2020-03-01,24,3,37.1,0,0,0,0,0,0,0
Switzerland,2020-03-01,27,15,8.5,0,0,1,0,0,0,0
Germany,2020-03-01,130,29,82.9,0,0,0,0,0,0,0
Denmark,2020-03-01,4,0,5.8,0,0,0,0,0,0,0
Spain,2020-03-01,84,36,46.7,0,0,0,0,0,0,0
Finland,2020-03-01,6,0,5.5,0,0,0,0,0,0,0
France,2020-03-01,130,61,67,0,0,0,0,0,0,0
United Kingdom,2020-03-01,36,4,66.5,0,0,0,0,0,0,0
Greece,2020-03-01,7,0,10.7,0,0,0,0,0,0,0
Ireland,2020-03-01,1,0,4.9,0,0,0,0,0,0,0
Italy,2020-03-01,1694,342,60.4,0,0,0,0,0,0,0
Luxembourg,2020-03-01,1,0,0.6,0,0,0,0,0,0,0
Netherlands,2020-03-01,10,8,17.2,0,0,0,0,0,0,0
Norway,2020-03-01,19,6,5.3,0,0,0,0,0,0,0
Sweden,2020-03-01,14,1,10.2,0,0,0,0,0,0,0
United States,2020-03-01,74,24,327.2,0,0,0,0,0,0,0
Australia,2020-03-02,30,9,25,0,0,0,0,0,0,0
Austria,2020-03-02,18,3,8.8,0,0,0,0,0,0,0
Belgium,2020-03-02,8,5,11.4,0,0,0,0,0,0,0
Canada,2020-03-02,27,3,37.1,0,0,0,0,0,0,0
Switzerland,2020-03-02,42,14,8.5,0,0,1,0,0,0,0
Germany,2020-03-02,159,37,82.9,0,0,0,0,0,0,0
Denmark,2020-03-02,4,2,5.8,0,0,0,0,0,0,0
Spain,2020-03-02,120,45,46.7,0,0,0,0,0,0,0
Finland,2020-03-02,6,0,5.5,0,0,0,0,0,0,0
France,2020-03-02,191,13,67,0,0,0,0,0,0,0
United Kingdom,2020-03-02,40,11,66.5,0,0,0,0,0,0,0
Greece,2020-03-02,7,0,10.7,0,0,0,0,0,0,0
Ireland,2020-03-02,1,1,4.9,0,0,0,0,0,0,0
Italy,2020-03-02,2036,466,60.4,0,0,0,0,0,0,0
Luxembourg,2020-03-02,1,0,0.6,0,0,0,0,0,0,0
Netherlands,2020-03-02,18,6,17.2,0,0,0,0,0,0,0
Norway,2020-03-02,25,7,5.3,0,0,0,0,0,0,0
Portugal,2020-03-02,2,0,10.3,0,0,0,0,0,0,0
Sweden,2020-03-02,15,6,10.2,0,0,0,0,0,0,0
United States,2020-03-02,98,20,327.2,0,0,0,0,0,0,0
Australia,2020-03-03,39,13,25,0,0,0,0,0,0,0
Austria,2020-03-03,21,8,8.8,0,0,0,0,0,0,0
Belgium,2020-03-03,13,10,11.4,0,0,0,0,0,0,0
Canada,2020-03-03,30,3,37.1,0,0,0,0,0,0,0
Switzerland,2020-03-03,56,34,8.5,0,0,1,0,0,0,0
Germany,2020-03-03,196,66,82.9,0,0,0,0,0,0,0
Denmark,2020-03-03,6,5,5.8,0,0,0,0,0,0,0
Spain,2020-03-03,165,57,46.7,0,0,0,0,0,0,0
Finland,2020-03-03,6,0,5.5,0,0,0,0,0,0,0
France,2020-03-03,204,84,67,0,0,0,0,0,0,0
United Kingdom,2020-03-03,51,35,66.5,0,0,0,0,0,0,0
Greece,2020-03-03,7,2,10.7,0,0,0,0,0,0,0
Ireland,2020-03-03,2,4,4.9,0,0,0,0,0,0,0
Italy,2020-03-03,2502,587,60.4,0,0,0,0,0,0,0
Luxembourg,2020-03-03,1,0,0.6,0,0,0,0,0,0,0
Netherlands,2020-03-03,24,14,17.2,0,0,0,0,0,0,0
Norway,2020-03-03,32,24,5.3,0,0,0,0,0,0,0
Portugal,2020-03-03,2,3,10.3,0,0,0,0,0,0,0
Sweden,2020-03-03,21,14,10.2,0,0,0,0,0,0,0
United States,2020-03-03,118,31,327.2,0,0,0,0,0,0,0
Australia,2020-03-04,52,3,25,0,0,0,0,0,0,0
Austria,2020-03-04,29,12,8.8,0,0,0,0,0,0,0
Belgium,2020-03-04,23,27,11.4,0,0,0,0,0,0,0
Canada,2020-03-04,33,4,37.1,0,0,0,0,0,0,0
Switzerland,2020-03-04,90,24,8.5,0,0,1,0,0,0,0
Germany,2020-03-04,262,220,82.9,0,0,0,0,0,0,0
Denmark,2020-03-04,11,0,5.8,0,0,0,0,0,0,0
Spain,2020-03-04,222,37,46.7,0,0,0,0,0,0,0
Finland,2020-03-04,6,6,5.5,0,0,0,0,0,0,0
France,2020-03-04,288,92,67,0,0,0,0,0,0,0
United Kingdom,2020-03-04,86,30,66.5,0,0,0,0,0,0,0
Greece,2020-03-04,9,22,10.7,0,0,0,0,0,0,0
Ireland,2020-03-04,6,0,4.9,0,0,0,0,0,0,0
Italy,2020-03-04,3089,769,60.4,0,0,0,0,0,0,0
Luxembourg,2020-03-04,1,0,0.6,0,0,0,0,0,0,0
Netherlands,2020-03-04,38,44,17.2,0,0,0,0,0,0,0
Norway,2020-03-04,56,31,5.3,0,0,0,0,0,0,0
Portugal,2020-03-04,5,3,10.3,0,0,0,0,0,0,0
Sweden,2020-03-04,35,59,10.2,0,0,0,0,0,0,0
United States,2020-03-04,149,68,327.2,0,0,0,0,0,0,0
Australia,2020-03-05,55,5,25,0,0,0,0,0,0,0
Austria,2020-03-05,41,14,8.8,0,0,0,0,0,0,0
Belgium,2020-03-05,50,59,11.4,0,0,0,0,0,0,0
Canada,2020-03-05,37,12,37.1,0,0,0,0,0,0,0
Switzerland,2020-03-05,114,100,8.5,0,0,1,0,0,0,0
Germany,2020-03-05,482,188,82.9,0,0,0,0,0,0,0
Denmark,2020-03-05,11,13,5.8,0,0,0,0,0,0,0
Spain,2020-03-05,259,141,46.7,0,0,0,0,0,0,0
Finland,2020-03-05,12,3,5.5,0,0,0,0,0,0,0
France,2020-03-05,380,276,67,0,0,0,0,0,0,0
United Kingdom,2020-03-05,116,48,66.5,0,0,0,0,0,0,0
Greece,2020-03-05,31,14,10.7,0,0,0,0,0,0,0
Ireland,2020-03-05,6,12,4.9,0,0,0,0,0,0,0
Italy,2020-03-05,3858,778,60.4,0,0,0,0,0,0,0
Luxembourg,2020-03-05,1,1,0.6,0,0,0,0,0,0,0
Netherlands,2020-03-05,82,46,17.2,0,0,0,0,0,0,0
Norway,2020-03-05,87,21,5.3,0,0,0,0,0,0,0
Portugal,2020-03-05,8,5,10.3,0,0,0,0,0,0,0
Sweden,2020-03-05,94,7,10.2,0,0,0,0,0,0,0
United States,2020-03-05,217,45,327.2,0,0,0,0,0,0,0
Australia,2020-03-06,60,3,25,0,0,0,0,0,0,0
Austria,2020-03-06,55,24,8.8,0,0,0,0,0,0,0
Belgium,2020-03-06,109,60,11.4,0,0,0,0,0,0,0
Canada,2020-03-06,49,5,37.1,0,0,0,0,0,0,0
Switzerland,2020-03-06,214,54,8.5,0,0,1,0,0,0,0
Germany,2020-03-06,670,129,82.9,0,0,0,0,0,0,0
Denmark,2020-03-06,24,0,5.8,0,0,0,0,0,0,0
Spain,2020-03-06,400,100,46.7,0,0,0,0,0,0,0
Finland,2020-03-06,15,0,5.5,0,0,0,0,0,0,0
France,2020-03-06,656,303,67,0,0,0,0,0,0,0
United Kingdom,2020-03-06,164,43,66.5,0,0,0,0,0,0,0
Greece,2020-03-06,45,1,10.7,0,0,0,0,0,0,0
Ireland,2020-03-06,18,0,4.9,0,0,0,0,0,0,0
Italy,2020-03-06,4636,1247,60.4,0,0,0,0,0,0,0
Luxembourg,2020-03-06,2,0,0.6,0,0,0,0,0,0,0
Netherlands,2020-03-06,128,60,17.2,0,0,0,0,0,0,0
Norway,2020-03-06,108,39,5.3,0,0,0,0,0,0,0
Portugal,2020-03-06,13,7,10.3,0,0,0,0,0,0,0
Sweden,2020-03-06,101,60,10.2,0,0,0,0,0,0,0
United States,2020-03-06,262,140,327.2,0,0,0,0,0,0,0
Australia,2020-03-07,63,13,25,0,0,0,0,0,0,0
Austria,2020-03-07,79,25,8.8,0,0,0,0,0,0,0
Belgium,2020-03-07,169,31,11.4,0,0,0,0,0,0,0
Canada,2020-03-07,54,10,37.1,0,0,0,0,0,0,0
Switzerland,2020-03-07,268,69,8.5,0,0,1,0,0,0,0
Germany,2020-03-07,799,241,82.9,0,0,0,0,0,0,0
Denmark,2020-03-07,24,13,5.8,0,0,0,0,0,0,0
Spain,2020-03-07,500,173,46.7,0,0,0,0,0,0,0
Finland,2020-03-07,15,8,5.5,0,0,0,0,0,0,0
France,2020-03-07,959,177,67,0,0,0,0,0,0,0
United Kingdom,2020-03-07,207,67,66.5,0,0,0,0,0,0,0
Greece,2020-03-07,46,27,10.7,0,0,0,0,0,0,0
Ireland,2020-03-07,18,1,4.9,0,0,0,0,0,0,0
Italy,2020-03-07,5883,1492,60.4,0,0,0,0,0,0,0
Luxembourg,2020-03-07,2,1,0.6,0,0,0,0,0,0,0
Netherlands,2020-03-07,188,77,17.2,0,0,0,0,0,0,0
Norway,2020-03-07,147,29,5.3,0,0,0,0,0,0,0
Portugal,2020-03-07,20,10,10.3,0,0,0,0,0,0,0
Sweden,2020-03-07,161,42,10.2,0,0,0,0,0,0,0
United States,2020-03-07,402,116,327.2,0,0,0,0,0,0,0
Australia,2020-03-08,76,15,25,0,0,0,0,0,0,0
Austria,2020-03-08,104,27,8.8,0,0,0,0,0,0,0
Belgium,2020-03-08,200,39,11.4,0,0,0,0,0,0,0
Canada,2020-03-08,64,13,37.1,0,0,0,0,0,0,0
Switzerland,2020-03-08,337,37,8.5,0,0,1,0,0,0,0
Germany,2020-03-08,1040,136,82.9,0,0,0,0,0,0,0
Denmark,2020-03-08,37,55,5.8,0,0,0,0,0,0,0
Spain,2020-03-08,673,400,46.7,0,0,0,0,0,0,0
Finland,2020-03-08,23,7,5.5,0,0,0,0,0,0,0
France,2020-03-08,1136,83,67,0,0,0,0,0,0,0
United Kingdom,2020-03-08,274,48,66.5,0,0,0,0,0,0,0
Greece,2020-03-08,73,0,10.7,0,0,0,0,0,0,0
Ireland,2020-03-08,19,2,4.9,0,0,0,0,0,0,0
Italy,2020-03-08,7375,1797,60.4,1,0,1,1,0,0,0
Luxembourg,2020-03-08,3,0,0.6,0,0,0,0,0,0,0
Netherlands,2020-03-08,265,56,17.2,0,0,0,0,0,0,0
Norway,2020-03-08,176,29,5.3,0,0,0,0,0,0,0
Portugal,2020-03-08,30,0,10.3,0,0,0,0,0,0,0
Sweden,2020-03-08,203,45,10.2,0,0,0,0,0,0,0
United States,2020-03-08,518,65,327.2,0,0,0,0,0,0,0
Australia,2020-03-09,91,16,25,0,0,0,0,0,0,0
Austria,2020-03-09,131,51,8.8,0,0,0,0,0,0,0
Belgium,2020-03-09,239,28,11.4,0,0,0,0,0,0,0
Canada,2020-03-09,77,2,37.1,0,0,0,0,0,0,0
Switzerland,2020-03-09,374,117,8.5,0,0,1,0,0,0,0
Germany,2020-03-09,1176,281,82.9,0,0,0,0,0,0,0
Denmark,2020-03-09,92,172,5.8,0,0,0,0,0,0,0
Spain,2020-03-09,1073,622,46.7,0,0,0,0,0,0,0
Finland,2020-03-09,30,10,5.5,0,0,0,0,0,0,0
France,2020-03-09,1219,575,67,0,0,0,0,0,0,0
United Kingdom,2020-03-09,322,62,66.5,0,0,0,0,0,0,0
Greece,2020-03-09,73,16,10.7,0,0,0,0,0,0,0
Ireland,2020-03-09,21,13,4.9,0,0,0,0,0,0,0
Italy,2020-03-09,9172,977,60.4,1,0,1,1,0,0,0
Luxembourg,2020-03-09,3,2,0.6,0,0,0,0,0,0,0
Netherlands,2020-03-09,321,61,17.2,0,0,0,0,0,0,0
Norway,2020-03-09,205,195,5.3,0,0,0,0,0,0,0
Portugal,2020-03-09,30,11,10.3,0,0,0,0,0,0,0
Sweden,2020-03-09,248,107,10.2,0,0,0,0,0,0,0
United States,2020-03-09,583,376,327.2,0,0,0,0,0,0,0
Australia,2020-03-10,107,21,25,0,0,0,0,0,0,0
Austria,2020-03-10,182,64,8.8,0,0,0,0,0,0,0
Belgium,2020-03-10,267,47,11.4,0,0,1,0,0,0,0
Canada,2020-03-10,79,29,37.1,0,0,0,0,0,0,0
Switzerland,2020-03-10,491,161,8.5,0,0,1,0,0,0,0
Germany,2020-03-10,1457,451,82.9,0,0,0,0,0,0,0
Denmark,2020-03-10,264,180,5.8,0,0,0,0,0,0,0
Spain,2020-03-10,1695,582,46.7,0,0,0,0,0,0,0
Finland,2020-03-10,40,19,5.5,0,0,0,0,0,0,0
France,2020-03-10,1794,499,67,0,0,0,0,0,0,0
United Kingdom,2020-03-10,384,75,66.5,0,0,0,0,0,0,0
Greece,2020-03-10,89,10,10.7,0,0,0,0,0,0,0
Ireland,2020-03-10,34,9,4.9,0,0,0,0,0,0,0
Italy,2020-03-10,10149,2313,60.4,1,0,1,1,0,0,0
Luxembourg,2020-03-10,5,2,0.6,0,0,0,0,0,0,0
Netherlands,2020-03-10,382,121,17.2,0,0,0,0,0,0,0
Norway,2020-03-10,400,198,5.3,0,0,0,0,0,0,0
Portugal,2020-03-10,41,18,10.3,0,0,0,0,0,0,0
Sweden,2020-03-10,355,145,10.2,0,0,0,0,0,0,0
United States,2020-03-10,959,322,327.2,0,0,0,0,0,0,0
Australia,2020-03-11,128,0,25,0,0,0,0,0,0,0
Austria,2020-03-11,246,56,8.8,0,0,1,0,0,0,0
Belgium,2020-03-11,314,0,11.4,0,0,1,0,0,0,0
Canada,2020-03-11,108,9,37.1,0,0,0,0,0,0,0
Switzerland,2020-03-11,652,0,8.5,0,0,1,0,0,0,0
Germany,2020-03-11,1908,170,82.9,0,0,0,0,0,0,0
Denmark,2020-03-11,444,173,5.8,0,0,0,0,0,0,0
Spain,2020-03-11,2277,0,46.7,0,0,0,0,0,0,0
Finland,2020-03-11,59,0,5.5,0,0,0,0,0,0,0
France,2020-03-11,2293,0,67,0,0,0,0,0,0,0
United Kingdom,2020-03-11,459,0,66.5,0,0,0,0,0,0,0
Greece,2020-03-11,99,0,10.7,1,0,0,0,0,0,0
Ireland,2020-03-11,43,0,4.9,0,0,0,0,0,0,0
Italy,2020-03-11,12462,0,60.4,1,0,1,1,1,1,0
Luxembourg,2020-03-11,7,12,0.6,0,0,1,0,0,0,0
Netherlands,2020-03-11,503,0,17.2,0,0,0,0,0,0,0
Norway,2020-03-11,598,104,5.3,0,0,0,0,0,0,0
Portugal,2020-03-11,59,0,10.3,0,0,0,0,0,0,0
Sweden,2020-03-11,500,99,10.2,0,0,1,0,0,0,0
United States,2020-03-11,1281,382,327.2,0,0,0,0,0,0,0
Australia,2020-03-12,128,72,25,0,0,0,0,0,0,0
Austria,2020-03-12,302,202,8.8,0,0,1,0,0,0,0
Belgium,2020-03-12,314,245,11.4,0,0,1,0,0,0,0
Canada,2020-03-12,117,76,37.1,0,0,0,0,0,0,0
Switzerland,2020-03-12,652,487,8.5,0,0,1,0,0,0,0
Germany,2020-03-12,2078,1597,82.9,0,0,0,0,0,0,0
Denmark,2020-03-12,617,187,5.8,0,0,0,0,0,0,0
Spain,2020-03-12,2277,2955,46.7,0,0,0,0,0,0,0
Finland,2020-03-12,59,96,5.5,0,0,0,0,0,0,0
France,2020-03-12,2293,1388,67,0,0,0,0,0,0,0
United Kingdom,2020-03-12,459,343,66.5,0,0,0,0,0,0,0
Greece,2020-03-12,99,91,10.7,1,0,0,0,0,0,0
Ireland,2020-03-12,43,47,4.9,1,0,1,0,0,0,0
Italy,2020-03-12,12462,5198,60.4,1,0,1,1,1,1,0
Luxembourg,2020-03-12,19,15,0.6,0,0,1,0,0,0,0
Netherlands,2020-03-12,503,303,17.2,0,0,1,0,0,0,0
Norway,2020-03-12,702,294,5.3,0,0,1,0,0,0,0
Portugal,2020-03-12,59,53,10.3,0,0,0,0,0,0,0
Sweden,2020-03-12,599,215,10.2,0,0,1,0,0,0,0
United States,2020-03-12,1663,516,327.2,0,0,0,0,0,0,0
Australia,2020-03-13,200,50,25,0,0,0,0,0,0,0
Austria,2020-03-13,504,151,8.8,0,0,1,0,0,0,0
Belgium,2020-03-13,559,130,11.4,0,0,1,0,0,0,0
Canada,2020-03-13,193,5,37.1,0,0,0,0,0,0,0
Switzerland,2020-03-13,1139,220,8.5,0,0,1,0,0,0,0
Germany,2020-03-13,3675,910,82.9,0,0,1,0,0,0,0
Denmark,2020-03-13,804,32,5.8,0,0,0,0,0,0,0
Spain,2020-03-13,5232,1159,46.7,0,0,1,0,0,0,0
Finland,2020-03-13,155,70,5.5,0,0,0,0,0,0,0
France,2020-03-13,3681,815,67,0,0,1,1,0,0,0
United Kingdom,2020-03-13,802,342,66.5,0,0,0,0,0,0,0
Greece,2020-03-13,190,38,10.7,1,0,1,0,0,0,0
Ireland,2020-03-13,90,39,4.9,1,0,1,0,0,0,0
Italy,2020-03-13,17660,3497,60.4,1,0,1,1,1,1,0
Luxembourg,2020-03-13,34,17,0.6,0,0,1,0,0,0,0
Netherlands,2020-03-13,806,156,17.2,0,0,1,0,0,0,0
Norway,2020-03-13,996,94,5.3,1,0,1,0,1,0,0
Portugal,2020-03-13,112,57,10.3,0,0,0,0,0,0,0
Sweden,2020-03-13,814,147,10.2,0,0,1,0,0,0,0
United States,2020-03-13,2179,548,327.2,0,1,0,0,0,0,0
Australia,2020-03-14,250,47,25,0,0,0,0,0,0,0
Austria,2020-03-14,655,205,8.8,0,0,1,0,0,0,0
Belgium,2020-03-14,689,197,11.4,0,0,1,0,1,0,0
Canada,2020-03-14,198,54,37.1,0,0,0,0,0,0,0
Switzerland,2020-03-14,1359,841,8.5,0,0,1,0,0,0,0
Germany,2020-03-14,4585,1210,82.9,0,0,1,0,0,0,0
Denmark,2020-03-14,836,39,5.8,0,0,0,0,0,0,0
Spain,2020-03-14,6391,1407,46.7,0,0,1,0,0,0,0
Finland,2020-03-14,225,19,5.5,0,0,0,0,0,0,0
France,2020-03-14,4496,36,67,0,0,1,1,1,0,0
United Kingdom,2020-03-14,1144,1,66.5,0,0,0,0,0,0,0
Greece,2020-03-14,228,103,10.7,1,0,1,0,1,0,0
Ireland,2020-03-14,129,0,4.9,1,0,1,0,0,0,0
Italy,2020-03-14,21157,3590,60.4,1,0,1,1,1,1,0
Luxembourg,2020-03-14,51,8,0.6,0,0,1,0,0,0,0
Netherlands,2020-03-14,962,176,17.2,0,0,1,0,0,0,0
Norway,2020-03-14,1090,131,5.3,1,0,1,0,1,0,0
Portugal,2020-03-14,169,76,10.3,0,0,0,0,0,0,0
Sweden,2020-03-14,961,61,10.2,0,0,1,0,0,0,0
United States,2020-03-14,2727,772,327.2,0,1,0,0,0,0,0
Australia,2020-03-15,297,80,25,0,0,0,0,0,0,0
Austria,2020-03-15,860,158,8.8,0,0,1,0,0,0,0
Belgium,2020-03-15,886,172,11.4,0,0,1,0,1,0,0
Canada,2020-03-15,252,163,37.1,0,0,1,0,0,0,0
Switzerland,2020-03-15,2200,0,8.5,0,0,1,0,0,0,0
Germany,2020-03-15,5795,1477,82.9,0,0,1,0,0,0,0
Denmark,2020-03-15,875,58,5.8,0,0,0,0,0,0,0
Spain,2020-03-15,7798,2144,46.7,0,0,1,1,1,1,0
Finland,2020-03-15,244,33,5.5,0,0,0,0,0,0,0
France,2020-03-15,4532,2151,67,0,0,1,1,1,0,0
United Kingdom,2020-03-15,1145,406,66.5,0,0,0,0,0,0,0
Greece,2020-03-15,331,0,10.7,1,0,1,0,1,0,0
Ireland,2020-03-15,129,40,4.9,1,0,1,0,1,0,0
Italy,2020-03-15,24747,3233,60.4,1,0,1,1,1,1,0
Luxembourg,2020-03-15,59,18,0.6,0,0,1,0,0,0,0
Netherlands,2020-03-15,1138,278,17.2,0,0,1,0,0,0,0
Norway,2020-03-15,1221,112,5.3,1,0,1,0,1,0,0
Portugal,2020-03-15,245,86,10.3,0,0,1,0,0,0,0
Sweden,2020-03-15,1022,81,10.2,0,0,1,0,0,0,0
United States,2020-03-15,3499,1133,327.2,0,1,0,0,0,0,0
Australia,2020-03-16,377,75,25,0,0,1,0,0,0,0
Austria,2020-03-16,1018,314,8.8,1,0,1,1,1,1,0
Belgium,2020-03-16,1058,185,11.4,1,0,1,0,1,0,0
Canada,2020-03-16,415,63,37.1,0,0,1,0,0,0,0
Switzerland,2020-03-16,2200,500,8.5,1,0,1,0,0,0,0
Germany,2020-03-16,7272,1985,82.9,1,0,1,0,1,0,0
Denmark,2020-03-16,933,92,5.8,1,1,1,0,0,0,0
Spain,2020-03-16,9942,1806,46.7,1,0,1,1,1,1,0
Finland,2020-03-16,277,44,5.5,1,0,1,1,1,0,0
France,2020-03-16,6683,1032,67,1,0,1,1,1,0,0
United Kingdom,2020-03-16,1551,409,66.5,0,0,1,0,0,0,0
Greece,2020-03-16,331,56,10.7,1,0,1,0,1,0,0
Ireland,2020-03-16,169,54,4.9,1,0,1,0,1,0,0
Italy,2020-03-16,27980,3526,60.4,1,0,1,1,1,1,0
Luxembourg,2020-03-16,77,63,0.6,1,0,1,0,1,0,0
Netherlands,2020-03-16,1416,295,17.2,1,0,1,0,1,0,0
Norway,2020-03-16,1333,130,5.3,1,1,1,0,1,0,0
Portugal,2020-03-16,331,117,10.3,1,0,1,0,0,0,0
Sweden,2020-03-16,1103,87,10.2,0,0,1,0,0,0,0
United States,2020-03-16,4632,1789,327.2,0,1,1,1,0,0,0
Australia,2020-03-17,452,116,25,0,0,1,0,0,0,0
Austria,2020-03-17,1332,314,8.8,1,0,1,1,1,1,0
Belgium,2020-03-17,1243,243,11.4,1,0,1,0,1,0,0
Canada,2020-03-17,478,179,37.1,1,0,1,0,0,0,0
Switzerland,2020-03-17,2700,328,8.5,1,0,1,0,1,0,0
Germany,2020-03-17,9257,3070,82.9,1,0,1,0,1,0,0
Denmark,2020-03-17,1025,91,5.8,1,1,1,0,0,0,0
Spain,2020-03-17,11748,2162,46.7,1,1,1,1,1,1,0
Finland,2020-03-17,321,15,5.5,1,0,1,1,1,0,0
France,2020-03-17,7715,1409,67,1,1,1,1,1,1,1
United Kingdom,2020-03-17,1960,682,66.5,0,0,1,0,0,0,0
Greece,2020-03-17,387,31,10.7,1,0,1,0,1,0,0
Ireland,2020-03-17,223,69,4.9,1,0,1,0,1,0,0
Italy,2020-03-17,31506,4207,60.4,1,0,1,1,1,1,0
Luxembourg,2020-03-17,140,63,0.6,1,0,1,1,1,1,0
Netherlands,2020-03-17,1711,347,17.2,1,0,1,0,1,0,0
Norway,2020-03-17,1463,87,5.3,1,1,1,0,1,0,0
Portugal,2020-03-17,448,0,10.3,1,0,1,0,0,0,0
Sweden,2020-03-17,1190,89,10.2,0,0,1,0,0,0,0
United States,2020-03-17,6421,1362,327.2,1,1,1,1,0,0,0
Australia,2020-03-18,568,113,25,0,0,1,0,0,0,0
Austria,2020-03-18,1646,367,8.8,1,0,1,1,1,1,0
Belgium,2020-03-18,1486,309,11.4,1,0,1,1,1,1,0
Canada,2020-03-18,657,143,37.1,1,0,1,0,0,0,0
Switzerland,2020-03-18,3028,1047,8.5,1,0,1,0,1,0,0
Germany,2020-03-18,12327,2993,82.9,1,0,1,0,1,0,0
Denmark,2020-03-18,1116,109,5.8,1,1,1,1,1,0,0
Spain,2020-03-18,13910,4053,46.7,1,1,1,1,1,1,0
Finland,2020-03-18,336,64,5.5,1,0,1,1,1,0,0
France,2020-03-18,9124,1846,67,1,1,1,1,1,1,1
United Kingdom,2020-03-18,2642,74,66.5,0,0,1,0,0,0,0
Greece,2020-03-18,418,0,10.7,1,0,1,1,1,0,0
Ireland,2020-03-18,292,265,4.9,1,0,1,0,1,0,0
Italy,2020-03-18,35713,5322,60.4,1,0,1,1,1,1,0
Luxembourg,2020-03-18,203,132,0.6,1,0,1,1,1,1,1
Netherlands,2020-03-18,2058,409,17.2,1,0,1,0,1,0,0
Norway,2020-03-18,1550,196,5.3,1,1,1,0,1,0,0
Portugal,2020-03-18,448,337,10.3,1,0,1,0,0,0,0
Sweden,2020-03-18,1279,160,10.2,0,0,1,0,0,0,0
United States,2020-03-18,7783,5964,327.2,1,1,1,1,0,0,0
Australia,2020-03-19,681,110,25,0,0,1,0,0,0,0
Austria,2020-03-19,2013,375,8.8,1,1,1,1,1,1,0
Belgium,2020-03-19,1795,462,11.4,1,0,1,1,1,1,0
Canada,2020-03-19,800,143,37.1,1,0,1,0,0,0,0
Switzerland,2020-03-19,4075,1219,8.5,1,0,1,0,1,0,0
Germany,2020-03-19,15320,4528,82.9,1,0,1,0,1,0,0
Denmark,2020-03-19,1225,112,5.8,1,1,1,1,1,0,0
Spain,2020-03-19,17963,2447,46.7,1,1,1,1,1,1,0
Finland,2020-03-19,400,50,5.5,1,1,1,1,1,0,0
France,2020-03-19,10970,1788,67,1,1,1,1,1,1,1
United Kingdom,2020-03-19,2716,1298,66.5,0,0,1,0,0,0,0
Greece,2020-03-19,418,77,10.7,1,0,1,1,1,0,0
Ireland,2020-03-19,557,126,4.9,1,0,1,0,1,0,0
Italy,2020-03-19,41035,5986,60.4,1,0,1,1,1,1,0
Luxembourg,2020-03-19,335,149,0.6,1,0,1,1,1,1,1
Netherlands,2020-03-19,2467,536,17.2,1,0,1,0,1,0,0
Norway,2020-03-19,1746,168,5.3,1,1,1,0,1,0,0
Portugal,2020-03-19,785,235,10.3,1,0,1,0,0,0,0
Sweden,2020-03-19,1439,200,10.2,0,0,1,0,0,0,0
United States,2020-03-19,13747,5526,327.2,1,1,1,1,1,0,0
Australia,2020-03-20,791,280,25,0,1,1,0,0,0,0
Austria,2020-03-20,2388,426,8.8,1,1,1,1,1,1,0
Belgium,2020-03-20,2257,558,11.4,1,1,1,1,1,1,0
Canada,2020-03-20,943,334,37.1,1,0,1,0,1,0,0
Switzerland,2020-03-20,5294,1281,8.5,1,0,1,1,1,0,0
Germany,2020-03-20,19848,2365,82.9,1,0,1,0,1,0,0
Denmark,2020-03-20,1337,83,5.8,1,1,1,1,1,0,0
Spain,2020-03-20,20410,4964,46.7,1,1,1,1,1,1,0
Finland,2020-03-20,450,73,5.5,1,1,1,1,1,0,0
France,2020-03-20,12758,1705,67,1,1,1,1,1,1,1
United Kingdom,2020-03-20,4014,1053,66.5,0,0,1,0,1,0,0
Greece,2020-03-20,495,35,10.7,1,0,1,1,1,0,0
Ireland,2020-03-20,683,102,4.9,1,0,1,0,1,0,0
Italy,2020-03-20,47021,6557,60.4,1,0,1,1,1,1,0
Luxembourg,2020-03-20,484,186,0.6,1,0,1,1,1,1,1
Netherlands,2020-03-20,3003,637,17.2,1,0,1,0,1,0,0
Norway,2020-03-20,1914,204,5.3,1,1,1,0,1,0,0
Portugal,2020-03-20,1020,260,10.3,1,0,1,0,0,0,0
Sweden,2020-03-20,1639,124,10.2,0,0,1,0,0,0,0
United States,2020-03-20,19273,6327,327.2,1,1,1,1,1,0,0
Australia,2020-03-21,1071,478,25,0,1,1,0,0,0,0
Austria,2020-03-21,2814,768,8.8,1,1,1,1,1,1,0
Belgium,2020-03-21,2815,586,11.4,1,1,1,1,1,1,0
Canada,2020-03-21,1277,192,37.1,1,1,1,0,1,0,0
Switzerland,2020-03-21,6575,899,8.5,1,0,1,1,1,0,0
Germany,2020-03-21,22213,2660,82.9,1,0,1,0,1,0,0
Denmark,2020-03-21,1420,94,5.8,1,1,1,1,1,0,0
Spain,2020-03-21,25374,3394,46.7,1,1,1,1,1,1,0
Finland,2020-03-21,523,103,5.5,1,1,1,1,1,0,0
France,2020-03-21,14463,1780,67,1,1,1,1,1,1,1
United Kingdom,2020-03-21,5067,678,66.5,0,0,1,0,1,0,0
Greece,2020-03-21,530,94,10.7,1,0,1,1,1,0,0
Ireland,2020-03-21,785,121,4.9,1,0,1,0,1,0,0
Italy,2020-03-21,53578,5560,60.4,1,0,1,1,1,1,0
Luxembourg,2020-03-21,670,128,0.6,1,0,1,1,1,1,1
Netherlands,2020-03-21,3640,577,17.2,1,0,1,0,1,0,0
Norway,2020-03-21,2118,267,5.3,1,1,1,0,1,0,0
Portugal,2020-03-21,1280,320,10.3,1,0,1,0,0,0,0
Sweden,2020-03-21,1763,171,10.2,0,0,1,0,0,0,0
United States,2020-03-21,25600,7676,327.2,1,1,1,1,1,0,0
Australia,2020-03-22,1549,133,25,0,1,1,0,0,0,0
Austria,2020-03-22,3582,892,8.8,1,1,1,1,1,1,0
Belgium,2020-03-22,3401,342,11.4,1,1,1,1,1,1,0
Canada,2020-03-22,1469,619,37.1,1,1,1,0,1,0,0
Switzerland,2020-03-22,7474,1321,8.5,1,0,1,1,1,0,0
Germany,2020-03-22,24873,4183,82.9,1,0,1,0,1,0,0
Denmark,2020-03-22,1514,58,5.8,1,1,1,1,1,0,0
Spain,2020-03-22,28768,6368,46.7,1,1,1,1,1,1,0
Finland,2020-03-22,626,74,5.5,1,1,1,1,1,0,0
France,2020-03-22,16243,3880,67,1,1,1,1,1,1,1
United Kingdom,2020-03-22,5745,981,66.5,0,0,1,0,1,0,0
Greece,2020-03-22,624,71,10.7,1,0,1,1,1,0,0
Ireland,2020-03-22,906,219,4.9,1,0,1,0,1,0,0
Italy,2020-03-22,59138,4789,60.4,1,0,1,1,1,1,1
Luxembourg,2020-03-22,798,77,0.6,1,0,1,1,1,1,1
Netherlands,2020-03-22,4217,547,17.2,1,0,1,0,1,0,0
Norway,2020-03-22,2385,236,5.3,1,1,1,0,1,0,0
Portugal,2020-03-22,1600,460,10.3,1,0,1,1,1,1,0
Sweden,2020-03-22,1934,112,10.2,0,0,1,0,0,0,0
United States,2020-03-22,33276,10567,327.2,1,1,1,1,1,0,0
Australia,2020-03-23,1682,362,25,0,1,1,0,1,0,0
Austria,2020-03-23,4474,809,8.8,1,1,1,1,1,1,0
Belgium,2020-03-23,3743,526,11.4,1,1,1,1,1,1,0
Canada,2020-03-23,2088,702,37.1,1,1,1,0,1,0,0
Switzerland,2020-03-23,8795,1082,8.5,1,0,1,1,1,0,0
Germany,2020-03-23,29056,3930,82.9,1,0,1,1,1,0,0
Denmark,2020-03-23,1572,146,5.8,1,1,1,1,1,0,0
Spain,2020-03-23,35136,4749,46.7,1,1,1,1,1,1,0
Finland,2020-03-23,700,92,5.5,1,1,1,1,1,0,0
France,2020-03-23,20123,2499,67,1,1,1,1,1,1,1
United Kingdom,2020-03-23,6726,1438,66.5,1,0,1,1,1,1,0
Greece,2020-03-23,695,48,10.7,1,0,1,1,1,1,0
Ireland,2020-03-23,1125,204,4.9,1,0,1,0,1,0,0
Italy,2020-03-23,63927,5249,60.4,1,0,1,1,1,1,1
Luxembourg,2020-03-23,875,224,0.6,1,0,1,1,1,1,1
Netherlands,2020-03-23,4764,816,17.2,1,0,1,1,1,0,0
Norway,2020-03-23,2621,242,5.3,1,1,1,0,1,0,0
Portugal,2020-03-23,2060,302,10.3,1,0,1,1,1,1,0
Sweden,2020-03-23,2046,240,10.2,0,0,1,0,0,0,0
United States,2020-03-23,43843,9893,327.2,1,1,1,1,1,0,0
Australia,2020-03-24,2044,320,25,0,1,1,0,1,0,0
Austria,2020-03-24,5283,305,8.8,1,1,1,1,1,1,0
Belgium,2020-03-24,4269,668,11.4,1,1,1,1,1,1,0
Canada,2020-03-24,2790,461,37.1,1,1,1,0,1,0,0
Switzerland,2020-03-24,9877,1020,8.5,1,0,1,1,1,0,0
Germany,2020-03-24,32986,4337,82.9,1,0,1,1,1,0,0
Denmark,2020-03-24,1718,144,5.8,1,1,1,1,1,0,0
Spain,2020-03-24,39885,9630,46.7,1,1,1,1,1,1,0
Finland,2020-03-24,792,88,5.5,1,1,1,1,1,0,0
France,2020-03-24,22622,2978,67,1,1,1,1,1,1,1
United Kingdom,2020-03-24,8164,1476,66.5,1,0,1,1,1,1,0
Greece,2020-03-24,743,78,10.7,1,0,1,1,1,1,0
Ireland,2020-03-24,1329,235,4.9,1,0,1,0,1,0,0
Italy,2020-03-24,69176,5210,60.4,1,0,1,1,1,1,1
Luxembourg,2020-03-24,1099,234,0.6,1,0,1,1,1,1,1
Netherlands,2020-03-24,5580,858,17.2,1,0,1,1,1,0,0
Norway,2020-03-24,2863,221,5.3,1,1,1,0,1,0,0
Portugal,2020-03-24,2362,633,10.3,1,0,1,1,1,1,0
Sweden,2020-03-24,2286,240,10.2,0,0,1,0,0,0,0
United States,2020-03-24,53736,12042,327.2,1,1,1,1,1,0,0
Australia,2020-03-25,2364,446,25,0,1,1,0,1,0,0
Austria,2020-03-25,5588,1321,8.8,1,1,1,1,1,1,0
Belgium,2020-03-25,4937,1298,11.4,1,1,1,1,1,1,0
Canada,2020-03-25,3251,791,37.1,1,1,1,0,1,0,0
Switzerland,2020-03-25,10897,914,8.5,1,1,1,1,1,0,0
Germany,2020-03-25,37323,6615,82.9,1,0,1,1,1,0,0
Denmark,2020-03-25,1862,161,5.8,1,1,1,1,1,0,0
Spain,2020-03-25,49515,8271,46.7,1,1,1,1,1,1,0
Finland,2020-03-25,880,78,5.5,1,1,1,1,1,0,0
France,2020-03-25,25600,3951,67,1,1,1,1,1,1,1
United Kingdom,2020-03-25,9640,2172,66.5,1,0,1,1,1,1,0
Greece,2020-03-25,821,71,10.7,1,0,1,1,1,1,0
Ireland,2020-03-25,1564,255,4.9,1,0,1,0,1,0,0
Italy,2020-03-25,74386,6203,60.4,1,0,1,1,1,1,1
Luxembourg,2020-03-25,1333,120,0.6,1,0,1,1,1,1,1
Netherlands,2020-03-25,6438,1030,17.2,1,0,1,1,1,0,0
Norway,2020-03-25,3084,285,5.3,1,1,1,0,1,0,0
Portugal,2020-03-25,2995,549,10.3,1,0,1,1,1,1,0
Sweden,2020-03-25,2526,314,10.2,0,0,1,0,0,0,0
United States,2020-03-25,65778,18058,327.2,1,1,1,1,1,0,0
Australia,2020-03-26,2810,333,25,0,1,1,0,1,0,0
Austria,2020-03-26,6909,748,8.8,1,1,1,1,1,1,0
Belgium,2020-03-26,6235,1049,11.4,1,1,1,1,1,1,0
Canada,2020-03-26,4042,640,37.1,1,1,1,0,1,0,0
Switzerland,2020-03-26,11811,1117,8.5,1,1,1,1,1,0,0
Germany,2020-03-26,43938,6933,82.9,1,0,1,1,1,0,0
Denmark,2020-03-26,2023,177,5.8,1,1,1,1,1,0,0
Spain,2020-03-26,57786,7933,46.7,1,1,1,1,1,1,0
Finland,2020-03-26,958,83,5.5,1,1,1,1,1,0,0
France,2020-03-26,29551,3851,67,1,1,1,1,1,1,1
United Kingdom,2020-03-26,11812,2933,66.5,1,0,1,1,1,1,0
Greece,2020-03-26,892,74,10.7,1,0,1,1,1,1,0
Ireland,2020-03-26,1819,302,4.9,1,0,1,0,1,0,0
Italy,2020-03-26,80589,5909,60.4,1,1,1,1,1,1,1
Luxembourg,2020-03-26,1453,152,0.6,1,0,1,1,1,1,1
Netherlands,2020-03-26,7468,1179,17.2,1,0,1,1,1,0,0
Norway,2020-03-26,3369,386,5.3,1,1,1,0,1,0,0
Portugal,2020-03-26,3544,724,10.3,1,0,1,1,1,1,0
Sweden,2020-03-26,2840,229,10.2,0,0,1,0,0,0,0
United States,2020-03-26,83836,17821,327.2,1,1,1,1,1,0,0
Australia,2020-03-27,3143,497,25,0,1,1,0,1,0,0
Austria,2020-03-27,7657,614,8.8,1,1,1,1,1,1,0
Belgium,2020-03-27,7284,1850,11.4,1,1,1,1,1,1,0
Canada,2020-03-27,4682,894,37.1,1,1,1,0,1,0,0
Switzerland,2020-03-27,12928,1148,8.5,1,1,1,1,1,0,0
Germany,2020-03-27,50871,6824,82.9,1,0,1,1,1,0,0
Denmark,2020-03-27,2200,166,5.8,1,1,1,1,1,0,0
Spain,2020-03-27,65719,7516,46.7,1,1,1,1,1,1,0
Finland,2020-03-27,1041,126,5.5,1,1,1,1,1,0,0
France,2020-03-27,33402,4703,67,1,1,1,1,1,1,1
United Kingdom,2020-03-27,14745,2567,66.5,1,0,1,1,1,1,0
Greece,2020-03-27,966,95,10.7,1,0,1,1,1,1,0
Ireland,2020-03-27,2121,294,4.9,1,0,1,0,1,0,0
Italy,2020-03-27,86498,5974,60.4,1,1,1,1,1,1,1
Luxembourg,2020-03-27,1605,226,0.6,1,0,1,1,1,1,1
Netherlands,2020-03-27,8647,1172,17.2,1,0,1,1,1,0,0
Norway,2020-03-27,3755,260,5.3,1,1,1,0,1,0,0
Portugal,2020-03-27,4268,902,10.3,1,0,1,1,1,1,0
Sweden,2020-03-27,3069,378,10.2,0,0,1,1,0,0,0
United States,2020-03-27,101657,19808,327.2,1,1,1,1,1,0,0
Australia,2020-03-28,3640,344,25,0,1,1,0,1,0,0
Austria,2020-03-28,8271,517,8.8,1,1,1,1,1,1,0
Belgium,2020-03-28,9134,1702,11.4,1,1,1,1,1,1,0
Canada,2020-03-28,5576,704,37.1,1,1,1,1,1,0,0
Switzerland,2020-03-28,14076,753,8.5,1,1,1,1,1,0,0
Germany,2020-03-28,57695,4400,82.9,1,0,1,1,1,0,0
Denmark,2020-03-28,2366,198,5.8,1,1,1,1,1,0,0
Spain,2020-03-28,73235,6875,46.7,1,1,1,1,1,1,0
Finland,2020-03-28,1167,73,5.5,1,1,1,1,1,0,0
France,2020-03-28,38105,2603,67,1,1,1,1,1,1,1
United Kingdom,2020-03-28,17312,2468,66.5,1,0,1,1,1,1,0
Greece,2020-03-28,1061,95,10.7,1,0,1,1,1,1,0
Ireland,2020-03-28,2415,200,4.9,1,0,1,1,1,1,1
Italy,2020-03-28,92472,5217,60.4,1,1,1,1,1,1,1
Luxembourg,2020-03-28,1831,119,0.6,1,0,1,1,1,1,1
Netherlands,2020-03-28,9819,1111,17.2,1,0,1,1,1,0,0
Norway,2020-03-28,4015,269,5.3,1,1,1,0,1,0,0
Portugal,2020-03-28,5170,792,10.3,1,0,1,1,1,1,0
Sweden,2020-03-28,3447,253,10.2,0,0,1,1,0,0,0
United States,2020-03-28,121465,19444,327.2,1,1,1,1,1,0,0
Australia,2020-03-29,3984,377,25,0,1,1,1,1,0,0
Austria,2020-03-29,8788,830,8.8,1,1,1,1,1,1,0
Belgium,2020-03-29,10836,1063,11.4,1,1,1,1,1,1,0
Canada,2020-03-29,6280,1118,37.1,1,1,1,1,1,0,0
Switzerland,2020-03-29,14829,1093,8.5,1,1,1,1,1,0,0
Germany,2020-03-29,62095,4790,82.9,1,0,1,1,1,0,0
Denmark,2020-03-29,2564,191,5.8,1,1,1,1,1,0,0
Spain,2020-03-29,80110,7846,46.7,1,1,1,1,1,1,0
Finland,2020-03-29,1240,112,5.5,1,1,1,1,1,0,0
France,2020-03-29,40708,4462,67,1,1,1,1,1,1,1
United Kingdom,2020-03-29,19780,2673,66.5,1,0,1,1,1,1,0
Greece,2020-03-29,1156,56,10.7,1,0,1,1,1,1,0
Ireland,2020-03-29,2615,295,4.9,1,0,1,1,1,1,1
Italy,2020-03-29,97689,4050,60.4,1,1,1,1,1,1,1
Luxembourg,2020-03-29,1950,38,0.6,1,0,1,1,1,1,1
Netherlands,2020-03-29,10930,887,17.2,1,0,1,1,1,0,0
Norway,2020-03-29,4284,161,5.3,1,1,1,0,1,0,0
Portugal,2020-03-29,5962,446,10.3,1,0,1,1,1,1,0
Sweden,2020-03-29,3700,328,10.2,0,0,1,1,0,0,0
United States,2020-03-29,140909,20922,327.2,1,1,1,1,1,0,0
Australia,2020-03-30,4361,198,25,0,1,1,1,1,0,0
Austria,2020-03-30,9618,562,8.8,1,1,1,1,1,1,0
Belgium,2020-03-30,11899,876,11.4,1,1,1,1,1,1,0
Canada,2020-03-30,7398,1129,37.1,1,1,1,1,1,0,0
Switzerland,2020-03-30,15922,683,8.5,1,1,1,1,1,0,0
Germany,2020-03-30,66885,4923,82.9,1,0,1,1,1,0,0
Denmark,2020-03-30,2755,284,5.8,1,1,1,1,1,0,0
Spain,2020-03-30,87956,7967,46.7,1,1,1,1,1,1,1
Finland,2020-03-30,1352,66,5.5,1,1,1,1,1,0,0
France,2020-03-30,45170,7657,67,1,1,1,1,1,1,1
United Kingdom,2020-03-30,22453,3028,66.5,1,0,1,1,1,1,0
Greece,2020-03-30,1212,102,10.7,1,0,1,1,1,1,0
Ireland,2020-03-30,2910,325,4.9,1,0,1,1,1,1,1
Italy,2020-03-30,101739,4053,60.4,1,1,1,1,1,1,1
Luxembourg,2020-03-30,1988,190,0.6,1,0,1,1,1,1,1
Netherlands,2020-03-30,11817,850,17.2,1,0,1,1,1,0,0
Norway,2020-03-30,4445,196,5.3,1,1,1,0,1,0,0
Portugal,2020-03-30,6408,1035,10.3,1,0,1,1,1,1,0
Sweden,2020-03-30,4028,407,10.2,0,0,1,1,0,0,0
United States,2020-03-30,161831,26341,327.2,1,1,1,1,1,0,0
Australia,2020-03-31,4559,303,25,0,1,1,1,1,0,0
Austria,2020-03-31,10180,531,8.8,1,1,1,1,1,1,0
Belgium,2020-03-31,12775,1189,11.4,1,1,1,1,1,1,0
Canada,2020-03-31,8527,1033,37.1,1,1,1,1,1,0,0
Switzerland,2020-03-31,16605,1163,8.5,1,1,1,1,1,0,0
Germany,2020-03-31,71808,6064,82.9,1,0,1,1,1,0,0
Denmark,2020-03-31,3039,251,5.8,1,1,1,1,1,0,0
Spain,2020-03-31,95923,8195,46.7,1,1,1,1,1,1,1
Finland,2020-03-31,1418,28,5.5,1,1,1,1,1,0,0
France,2020-03-31,52827,4922,67,1,1,1,1,1,1,1
United Kingdom,2020-03-31,25481,4384,66.5,1,0,1,1,1,1,0
Greece,2020-03-31,1314,101,10.7,1,0,1,1,1,1,0
Ireland,2020-03-31,3235,212,4.9,1,0,1,1,1,1,1
Italy,2020-03-31,105792,4782,60.4,1,1,1,1,1,1,1
Luxembourg,2020-03-31,2178,141,0.6,1,0,1,1,1,1,1
Netherlands,2020-03-31,12667,1029,17.2,1,0,1,1,1,0,0
Norway,2020-03-31,4641,222,5.3,1,1,1,0,1,0,0
Portugal,2020-03-31,7443,808,10.3,1,0,1,1,1,1,0
Sweden,2020-03-31,4435,512,10.2,0,0,1,1,0,0,0
United States,2020-03-31,188172,25200,327.2,1,1,1,1,1,0,0
Australia,2020-04-01,4862,254,25,0,1,1,1,1,0,0
Austria,2020-04-01,10711,418,8.8,1,1,1,1,1,1,0
Belgium,2020-04-01,13964,1384,11.4,1,1,1,1,1,1,0
Canada,2020-04-01,9560,1724,37.1,1,1,1,1,1,0,0
Switzerland,2020-04-01,17768,1059,8.5,1,1,1,1,1,0,0
Germany,2020-04-01,77872,6922,82.9,1,0,1,1,1,0,0
Denmark,2020-04-01,3290,283,5.8,1,1,1,1,1,0,0
Spain,2020-04-01,104118,7947,46.7,1,1,1,1,1,1,1
Finland,2020-04-01,1446,72,5.5,1,1,1,1,1,0,0
France,2020-04-01,57749,2180,67,1,1,1,1,1,1,1
United Kingdom,2020-04-01,29865,4308,66.5,1,0,1,1,1,1,0
Greece,2020-04-01,1415,129,10.7,1,0,1,1,1,1,0
Ireland,2020-04-01,3447,402,4.9,1,0,1,1,1,1,1
Italy,2020-04-01,110574,4668,60.4,1,1,1,1,1,1,1
Luxembourg,2020-04-01,2319,168,0.6,1,0,1,1,1,1,1
Netherlands,2020-04-01,13696,1092,17.2,1,0,1,1,1,0,0
Norway,2020-04-01,4863,284,5.3,1,1,1,0,1,0,0
Portugal,2020-04-01,8251,783,10.3,1,0,1,1,1,1,0
Sweden,2020-04-01,4947,621,10.2,0,0,1,1,0,0,0
United States,2020-04-01,213372,30390,327.2,1,1,1,1,1,1,0
Australia,2020-04-02,5116,214,25,0,1,1,1,1,0,0
Austria,2020-04-02,11129,395,8.8,1,1,1,1,1,1,0
Belgium,2020-04-02,15348,1422,11.4,1,1,1,1,1,1,0
Canada,2020-04-02,11284,1153,37.1,1,1,1,1,1,0,0
Switzerland,2020-04-02,18827,779,8.5,1,1,1,1,1,0,0
Germany,2020-04-02,84794,6365,82.9,1,0,1,1,1,0,0
Denmark,2020-04-02,3573,373,5.8,1,1,1,1,1,0,0
Spain,2020-04-02,112065,7134,46.7,1,1,1,1,1,1,1
Finland,2020-04-02,1518,97,5.5,1,1,1,1,1,0,0
France,2020-04-02,59929,5273,67,1,1,1,1,1,1,1
United Kingdom,2020-04-02,34173,4516,66.5,1,0,1,1,1,1,0
Greece,2020-04-02,1544,69,10.7,1,0,1,1,1,1,0
Ireland,2020-04-02,3849,424,4.9,1,0,1,1,1,1,1
Italy,2020-04-02,115242,4585,60.4,1,1,1,1,1,1,1
Luxembourg,2020-04-02,2487,125,0.6,1,0,1,1,1,1,1
Netherlands,2020-04-02,14788,1033,17.2,1,0,1,1,1,0,0
Norway,2020-04-02,5147,223,5.3,1,1,1,0,1,0,0
Portugal,2020-04-02,9034,852,10.3,1,0,1,1,1,1,0
Sweden,2020-04-02,5568,563,10.2,0,0,1,1,0,0,0
United States,2020-04-02,243762,31824,327.2,1,1,1,1,1,1,1
Australia,2020-04-03,5330,220,25,0,1,1,1,1,0,0
Austria,2020-04-03,11524,257,8.8,1,1,1,1,1,1,0
Belgium,2020-04-03,16770,1661,11.4,1,1,1,1,1,1,0
Canada,2020-04-03,12437,541,37.1,1,1,1,1,1,0,0
Switzerland,2020-04-03,19606,899,8.5,1,1,1,1,1,0,0
Germany,2020-04-03,91159,4933,82.9,1,0,1,1,1,0,0
Denmark,2020-04-03,3946,323,5.8,1,1,1,1,1,0,0
Spain,2020-04-03,119199,6969,46.7,1,1,1,1,1,1,1
Finland,2020-04-03,1615,267,5.5,1,1,1,1,1,0,0
France,2020-04-03,65202,4298,67,1,1,1,1,1,1,1
United Kingdom,2020-04-03,38689,3788,66.5,1,0,1,1,1,1,0
Greece,2020-04-03,1613,60,10.7,1,0,1,1,1,1,0
Ireland,2020-04-03,4273,331,4.9,1,0,1,1,1,1,1
Italy,2020-04-03,119827,4805,60.4,1,1,1,1,1,1,1
Luxembourg,2020-04-03,2612,117,0.6,1,0,1,1,1,1,1
Netherlands,2020-04-03,15821,906,17.2,1,0,1,1,1,0,0
Norway,2020-04-03,5370,180,5.3,1,1,1,0,1,0,0
Portugal,2020-04-03,9886,638,10.3,1,0,1,1,1,1,0
Sweden,2020-04-03,6131,312,10.2,0,0,1,1,0,0,0
United States,2020-04-03,275586,33267,327.2,1,1,1,1,1,1,1
Australia,2020-04-04,5550,137,25,0,1,1,1,1,0,0
Austria,2020-04-04,11781,270,8.8,1,1,1,1,1,1,0
Belgium,2020-04-04,18431,1260,11.4,1,1,1,1,1,1,0
Canada,2020-04-04,12978,2778,37.1,1,1,1,1,1,0,0
Switzerland,2020-04-04,20505,595,8.5,1,1,1,1,1,0,0
Germany,2020-04-04,96092,4031,82.9,1,0,1,1,1,0,0
Denmark,2020-04-04,4269,292,5.8,1,1,1,1,1,0,0
Spain,2020-04-04,126168,5478,46.7,1,1,1,1,1,1,1
Finland,2020-04-04,1882,45,5.5,1,1,1,1,1,0,0
France,2020-04-04,69500,1912,67,1,1,1,1,1,1,1
United Kingdom,2020-04-04,42477,5959,66.5,1,0,1,1,1,1,0
Greece,2020-04-04,1673,62,10.7,1,0,1,1,1,1,0
Ireland,2020-04-04,4604,390,4.9,1,0,1,1,1,1,1
Italy,2020-04-04,124632,4316,60.4,1,1,1,1,1,1,1
Luxembourg,2020-04-04,2729,75,0.6,1,0,1,1,1,1,1
Netherlands,2020-04-04,16727,1226,17.2,1,0,1,1,1,0,0
Norway,2020-04-04,5550,137,5.3,1,1,1,0,1,0,0
Portugal,2020-04-04,10524,754,10.3,1,0,1,1,1,1,0
Sweden,2020-04-04,6443,387,10.2,0,0,1,1,0,0,0
United States,2020-04-04,308853,28219,327.2,1,1,1,1,1,1,1
Australia,2020-04-05,5687,110,25,0,1,1,1,1,0,0
Austria,2020-04-05,12051,246,8.8,1,1,1,1,1,1,0
Belgium,2020-04-05,19691,1123,11.4,1,1,1,1,1,1,0
Canada,2020-04-05,15756,807,37.1,1,1,1,1,1,0,0
Switzerland,2020-04-05,21100,557,8.5,1,1,1,1,1,0,0
Germany,2020-04-05,100123,3251,82.9,1,0,1,1,1,0,0
Denmark,2020-04-05,4561,314,5.8,1,1,1,1,1,0,0
Spain,2020-04-05,131646,5029,46.7,1,1,1,1,1,1,1
Finland,2020-04-05,1927,249,5.5,1,1,1,1,1,0,0
France,2020-04-05,71412,3931,67,1,1,1,1,1,1,1
United Kingdom,2020-04-05,48436,3843,66.5,1,0,1,1,1,1,0
Greece,2020-04-05,1735,20,10.7,1,0,1,1,1,1,0
Ireland,2020-04-05,4994,370,4.9,1,0,1,1,1,1,1
Italy,2020-04-05,128948,3599,60.4,1,1,1,1,1,1,1
Luxembourg,2020-04-05,2804,39,0.6,1,0,1,1,1,1,1
Netherlands,2020-04-05,17953,973,17.2,1,0,1,1,1,0,0
Norway,2020-04-05,5687,178,5.3,1,1,1,0,1,0,0
Portugal,2020-04-05,11278,452,10.3,1,0,1,1,1,1,0
Sweden,2020-04-05,6830,376,10.2,0,0,1,1,0,0,0
United States,2020-04-05,337072,29595,327.2,1,1,1,1,1,1,1
Australia,2020-04-06,5797,98,25,0,1,1,1,1,0,0
Austria,2020-04-06,12297,342,8.8,1,1,1,1,1,1,0
Belgium,2020-04-06,20814,1380,11.4,1,1,1,1,1,1,0
Canada,2020-04-06,16563,1309,37.1,1,1,1,1,1,0,0
Switzerland,2020-04-06,21657,596,8.5,1,1,1,1,1,0,0
Germany,2020-04-06,103374,4289,82.9,1,0,1,1,1,0,0
Denmark,2020-04-06,4875,391,5.8,1,1,1,1,1,0,0
Spain,2020-04-06,136675,5267,46.7,1,1,1,1,1,1,1
Finland,2020-04-06,2176,132,5.5,1,1,1,1,1,0,0
France,2020-04-06,75343,3820,67,1,1,1,1,1,1,1
United Kingdom,2020-04-06,52279,3670,66.5,1,0,1,1,1,1,0
Greece,2020-04-06,1755,77,10.7,1,0,1,1,1,1,0
Ireland,2020-04-06,5364,345,4.9,1,0,1,1,1,1,1
Italy,2020-04-06,132547,3039,60.4,1,1,1,1,1,1,1
Luxembourg,2020-04-06,2843,127,0.6,1,0,1,1,1,1,1
Netherlands,2020-04-06,18926,783,17.2,1,0,1,1,1,0,0
Norway,2020-04-06,5865,221,5.3,1,1,1,0,1,0,0
Portugal,2020-04-06,11730,712,10.3,1,0,1,1,1,1,0
Sweden,2020-04-06,7206,487,10.2,0,0,1,1,0,0,0
United States,2020-04-06,366667,29556,327.2,1,1,1,1,1,1,1
Australia,2020-04-07,5895,115,25,0,1,1,1,1,0,0
Austria,2020-04-07,12639,303,8.8,1,1,1,1,1,1,0
Belgium,2020-04-07,22194,1209,11.4,1,1,1,1,1,1,0
Canada,2020-04-07,17872,1269,37.1,1,1,1,1,1,0,0
Switzerland,2020-04-07,22253,1027,8.5,1,1,1,1,1,0,0
Germany,2020-04-07,107663,5633,82.9,1,0,1,1,1,0,0
Denmark,2020-04-07,5266,331,5.8,1,1,1,1,1,0,0
Spain,2020-04-07,141942,6278,46.7,1,1,1,1,1,1,1
Finland,2020-04-07,2308,179,5.5,1,1,1,1,1,0,0
France,2020-04-07,79163,3894,67,1,1,1,1,1,1,1
United Kingdom,2020-04-07,55949,5525,66.5,1,0,1,1,1,1,0
Greece,2020-04-07,1832,52,10.7,1,0,1,1,1,1,0
Ireland,2020-04-07,5709,365,4.9,1,0,1,1,1,1,1
Italy,2020-04-07,135586,3836,60.4,1,1,1,1,1,1,1
Luxembourg,2020-04-07,2970,64,0.6,1,0,1,1,1,1,1
Netherlands,2020-04-07,19709,973,17.2,1,0,1,1,1,0,0
Norway,2020-04-07,6086,0,5.3,1,1,1,0,1,0,0
Portugal,2020-04-07,12442,699,10.3,1,0,1,1,1,1,0
Sweden,2020-04-07,7693,726,10.2,0,0,1,1,0,0,0
United States,2020-04-07,396223,32829,327.2,1,1,1,1,1,1,1
Australia,2020-04-08,6010,98,25,0,1,1,1,1,0,0
Austria,2020-04-08,12942,302,8.8,1,1,1,1,1,1,0
Belgium,2020-04-08,23403,1580,11.4,1,1,1,1,1,1,0
Canada,2020-04-08,19141,1513,37.1,1,1,1,1,1,0,0
Switzerland,2020-04-08,23280,771,8.5,1,1,1,1,1,0,0
Germany,2020-04-08,113296,4885,82.9,1,0,1,1,1,0,0
Denmark,2020-04-08,5597,233,5.8,1,1,1,1,1,0,0
Spain,2020-04-08,148220,5002,46.7,1,1,1,1,1,1,1
Finland,2020-04-08,2487,118,5.5,1,1,1,1,1,0,0
France,2020-04-08,83057,4309,67,1,1,1,1,1,1,1
United Kingdom,2020-04-08,61474,4398,66.5,1,0,1,1,1,1,0
Greece,2020-04-08,1884,71,10.7,1,0,1,1,1,1,0
Ireland,2020-04-08,6074,500,4.9,1,0,1,1,1,1,1
Italy,2020-04-08,139422,4204,60.4,1,1,1,1,1,1,1
Luxembourg,2020-04-08,3034,81,0.6,1,0,1,1,1,1,1
Netherlands,2020-04-08,20682,1221,17.2,1,0,1,1,1,0,0
Norway,2020-04-08,6086,125,5.3,1,1,1,0,1,0,0
Portugal,2020-04-08,13141,815,10.3,1,0,1,1,1,1,0
Sweden,2020-04-08,8419,722,10.2,0,0,1,1,0,0,0
United States,2020-04-08,429052,32385,327.2,1,1,1,1,1,1,1
Australia,2020-04-09,6108,107,25,0,1,1,1,1,0,0
Austria,2020-04-09,13244,311,8.8,1,1,1,1,1,1,0
Belgium,2020-04-09,24983,1684,11.4,1,1,1,1,1,1,0
Canada,2020-04-09,20654,1405,37.1,1,1,1,1,1,0,0
Switzerland,2020-04-09,24051,500,8.5,1,1,1,1,1,0,0
Germany,2020-04-09,118181,3990,82.9,1,0,1,1,1,0,0
Denmark,2020-04-09,5830,184,5.8,1,1,1,1,1,0,0
Spain,2020-04-09,153222,5051,46.7,1,1,1,1,1,1,1
Finland,2020-04-09,2605,164,5.5,1,1,1,1,1,0,0
France,2020-04-09,87366,4372,67,1,1,1,1,1,1,1
United Kingdom,2020-04-09,65872,8733,66.5,1,0,1,1,1,1,0
Greece,2020-04-09,1955,56,10.7,1,0,1,1,1,1,0
Ireland,2020-04-09,6574,1515,4.9,1,0,1,1,1,1,1
Italy,2020-04-09,143626,3951,60.4,1,1,1,1,1,1,1
Luxembourg,2020-04-09,3115,108,0.6,1,0,1,1,1,1,1
Netherlands,2020-04-09,21903,1346,17.2,1,0,1,1,1,0,0
Norway,2020-04-09,6211,103,5.3,1,1,1,0,1,0,0
Portugal,2020-04-09,13956,1516,10.3,1,0,1,1,1,1,0
Sweden,2020-04-09,9141,544,10.2,0,0,1,1,0,0,0
United States,2020-04-09,461437,35098,327.2,1,1,1,1,1,1,1
Australia,2020-04-10,6215,88,25,0,1,1,1,1,0,0
Austria,2020-04-10,13555,251,8.8,1,1,1,1,1,1,0
Belgium,2020-04-10,26667,1351,11.4,1,1,1,1,1,1,0
Canada,2020-04-10,22059,1257,37.1,1,1,1,1,1,0,0
Switzerland,2020-04-10,24551,556,8.5,1,1,1,1,1,0,0
Germany,2020-04-10,122171,2737,82.9,1,0,1,1,1,0,0
Denmark,2020-04-10,6014,177,5.8,1,1,1,1,1,0,0
Spain,2020-04-10,158273,4754,46.7,1,1,1,1,1,1,1
Finland,2020-04-10,2769,136,5.5,1,1,1,1,1,0,0
France,2020-04-10,91738,3125,67,1,1,1,1,1,1,1
United Kingdom,2020-04-10,74605,5269,66.5,1,0,1,1,1,1,0
Greece,2020-04-10,2011,70,10.7,1,0,1,1,1,1,0
Ireland,2020-04-10,8089,839,4.9,1,0,1,1,1,1,1
Italy,2020-04-10,147577,4694,60.4,1,1,1,1,1,1,1
Luxembourg,2020-04-10,3223,47,0.6,1,0,1,1,1,1,1
Netherlands,2020-04-10,23249,1322,17.2,1,0,1,1,1,0,0
Norway,2020-04-10,6314,95,5.3,1,1,1,0,1,0,0
Portugal,2020-04-10,15472,515,10.3,1,0,1,1,1,1,0
Sweden,2020-04-10,9685,466,10.2,0,0,1,1,0,0,0
United States,2020-04-10,496535,29861,327.2,1,1,1,1,1,1,1
Australia,2020-04-11,6303,12,25,0,1,1,1,1,0,0
Austria,2020-04-11,13806,139,8.8,1,1,1,1,1,1,0
Belgium,2020-04-11,28018,1629,11.4,1,1,1,1,1,1,0
Canada,2020-04-11,23316,982,37.1,1,1,1,1,1,0,0
Switzerland,2020-04-11,25107,308,8.5,1,1,1,1,1,0,0
Germany,2020-04-11,124908,2946,82.9,1,0,1,1,1,0,0
Denmark,2020-04-11,6191,178,5.8,1,1,1,1,1,0,0
Spain,2020-04-11,163027,3804,46.7,1,1,1,1,1,1,1
Finland,2020-04-11,2905,69,5.5,1,1,1,1,1,0,0
France,2020-04-11,94863,26849,67,1,1,1,1,1,1,1
United Kingdom,2020-04-11,79874,5332,66.5,1,0,1,1,1,1,0
Greece,2020-04-11,2081,33,10.7,1,0,1,1,1,1,0
Ireland,2020-04-11,8928,727,4.9,1,0,1,1,1,1,1
Italy,2020-04-11,152271,4092,60.4,1,1,1,1,1,1,1
Luxembourg,2020-04-11,3270,11,0.6,1,0,1,1,1,1,1
Netherlands,2020-04-11,24571,1175,17.2,1,0,1,1,1,0,0
Norway,2020-04-11,6409,116,5.3,1,1,1,0,1,0,0
Portugal,2020-04-11,15987,598,10.3,1,0,1,1,1,1,0
Sweden,2020-04-11,10151,332,10.2,0,0,1,1,0,0,0
United States,2020-04-11,526396,28917,327.2,1,1,1,1,1,1,1
Australia,2020-04-12,6315,36,25,0,1,1,1,1,0,0
Austria,2020-04-12,13945,96,8.8,1,1,1,1,1,1,0
Belgium,2020-04-12,29647,942,11.4,1,1,1,1,1,1,0
Canada,2020-04-12,24298,1381,37.1,1,1,1,1,1,0,0
Switzerland,2020-04-12,25415,273,8.5,1,1,1,1,1,0,0
Germany,2020-04-12,127854,2218,82.9,1,0,1,1,1,0,0
Denmark,2020-04-12,6369,144,5.8,1,1,1,1,1,0,0
Spain,2020-04-12,166831,3268,46.7,1,1,1,1,1,1,1
Finland,2020-04-12,2974,90,5.5,1,1,1,1,1,0,0
France,2020-04-12,121712,3682,67,1,1,1,1,1,1,1
United Kingdom,2020-04-12,85206,4364,66.5,1,0,1,1,1,1,0
Greece,2020-04-12,2114,31,10.7,1,0,1,1,1,1,0
Ireland,2020-04-12,9655,992,4.9,1,0,1,1,1,1,1
Italy,2020-04-12,156363,3153,60.4,1,1,1,1,1,1,1
Luxembourg,2020-04-12,3281,11,0.6,1,0,1,1,1,1,1
Netherlands,2020-04-12,25746,964,17.2,1,0,1,1,1,0,0
Norway,2020-04-12,6525,78,5.3,1,1,1,0,1,0,0
Portugal,2020-04-12,16585,349,10.3,1,0,1,1,1,1,0
Sweden,2020-04-12,10483,465,10.2,0,0,1,1,0,0,0
United States,2020-04-12,555313,25306,327.2,1,1,1,1,1,1,1
Australia,2020-04-13,6351,64,25,0,1,1,1,1,0,0
Austria,2020-04-13,14041,185,8.8,1,1,1,1,1,1,0
Belgium,2020-04-13,30589,530,11.4,1,1,1,1,1,1,0
Canada,2020-04-13,25679,1355,37.1,1,1,1,1,1,0,0
Switzerland,2020-04-13,25688,248,8.5,1,1,1,1,1,0,0
Germany,2020-04-13,130072,1287,82.9,1,0,1,1,1,0,0
Denmark,2020-04-13,6513,193,5.8,1,1,1,1,1,0,0
Spain,2020-04-13,170099,2442,46.7,1,1,1,1,1,1,1
Finland,2020-04-13,3064,97,5.5,1,1,1,1,1,0,0
France,2020-04-13,125394,5967,67,1,1,1,1,1,1,1
United Kingdom,2020-04-13,89570,5275,66.5,1,0,1,1,1,1,0
Greece,2020-04-13,2145,25,10.7,1,0,1,1,1,1,0
Ireland,2020-04-13,10647,832,4.9,1,0,1,1,1,1,1
Italy,2020-04-13,159516,2972,60.4,1,1,1,1,1,1,1
Luxembourg,2020-04-13,3292,15,0.6,1,0,1,1,1,1,1
Netherlands,2020-04-13,26710,870,17.2,1,0,1,1,1,0,0
Norway,2020-04-13,6603,20,5.3,1,1,1,0,1,0,0
Portugal,2020-04-13,16934,514,10.3,1,0,1,1,1,1,0
Sweden,2020-04-13,10948,497,10.2,0,0,1,1,0,0,0
United States,2020-04-13,580619,27051,327.2,1,1,1,1,1,1,1
Australia,2020-04-14,6415,25,25,0,1,1,1,1,0,0
Austria,2020-04-14,14226,110,8.8,1,1,1,1,1,1,0
Belgium,2020-04-14,31119,2454,11.4,1,1,1,1,1,1,0
Canada,2020-04-14,27034,1174,37.1,1,1,1,1,1,0,0
Switzerland,2020-04-14,25936,400,8.5,1,1,1,1,1,0,0
Germany,2020-04-14,131359,3394,82.9,1,0,1,1,1,0,0
Denmark,2020-04-14,6706,170,5.8,1,1,1,1,1,0,0
Spain,2020-04-14,172541,5103,46.7,1,1,1,1,1,1,1
Finland,2020-04-14,3161,76,5.5,1,1,1,1,1,0,0
France,2020-04-14,131361,3221,67,1,1,1,1,1,1,1
United Kingdom,2020-04-14,94845,4638,66.5,1,0,1,1,1,1,0
Greece,2020-04-14,2170,22,10.7,1,0,1,1,1,1,0
Ireland,2020-04-14,11479,1068,4.9,1,0,1,1,1,1,1
Italy,2020-04-14,162488,2667,60.4,1,1,1,1,1,1,1
Luxembourg,2020-04-14,3307,66,0.6,1,0,1,1,1,1,1
Netherlands,2020-04-14,27580,736,17.2,1,0,1,1,1,0,0
Norway,2020-04-14,6623,117,5.3,1,1,1,0,1,0,0
Portugal,2020-04-14,17448,643,10.3,1,0,1,1,1,1,0
Sweden,2020-04-14,11445,482,10.2,0,0,1,1,0,0,0
United States,2020-04-14,607670,28680,327.2,1,1,1,1,1,1,1
Australia,2020-04-15,6440,22,25,0,1,1,1,1,0,0
Austria,2020-04-15,14336,140,8.8,1,1,1,1,1,1,0
Belgium,2020-04-15,33573,1236,11.4,1,1,1,1,1,1,0
Canada,2020-04-15,28208,2600,37.1,1,1,1,1,1,0,0
Switzerland,2020-04-15,26336,396,8.5,1,1,1,1,1,0,0
Germany,2020-04-15,134753,2945,82.9,1,0,1,1,1,0,0
Denmark,2020-04-15,6876,198,5.8,1,1,1,1,1,0,0
Spain,2020-04-15,177644,7304,46.7,1,1,1,1,1,1,1
Finland,2020-04-15,3237,132,5.5,1,1,1,1,1,0,0
France,2020-04-15,134582,12509,67,1,1,1,1,1,1,1
United Kingdom,2020-04-15,99483,4662,66.5,1,0,1,1,1,1,0
Greece,2020-04-15,2192,15,10.7,1,0,1,1,1,1,0
Ireland,2020-04-15,12547,724,4.9,1,0,1,1,1,1,1
Italy,2020-04-15,165155,3786,60.4,1,1,1,1,1,1,1
Luxembourg,2020-04-15,3373,71,0.6,1,0,1,1,1,1,1
Netherlands,2020-04-15,28316,1067,17.2,1,0,1,1,1,0,0
Norway,2020-04-15,6740,156,5.3,1,1,1,0,1,0,0
Portugal,2020-04-15,18091,750,10.3,1,0,1,1,1,1,0
Sweden,2020-04-15,11927,613,10.2,0,0,1,1,0,0,0
United States,2020-04-15,636350,31451,327.2,1,1,1,1,1,1,1
Australia,2020-04-16,6462,NA,25,0,1,1,1,1,0,0
Austria,2020-04-16,14476,NA,8.8,1,1,1,1,1,1,0
Belgium,2020-04-16,34809,NA,11.4,1,1,1,1,1,1,0
Canada,2020-04-16,30808,NA,37.1,1,1,1,1,1,0,0
Switzerland,2020-04-16,26732,NA,8.5,1,1,1,1,1,0,0
Germany,2020-04-16,137698,NA,82.9,1,0,1,1,1,0,0
Denmark,2020-04-16,7074,NA,5.8,1,1,1,1,1,0,0
Spain,2020-04-16,184948,NA,46.7,1,1,1,1,1,1,1
Finland,2020-04-16,3369,NA,5.5,1,1,1,1,1,0,0
France,2020-04-16,147091,NA,67,1,1,1,1,1,1,1
United Kingdom,2020-04-16,104145,NA,66.5,1,0,1,1,1,1,0
Greece,2020-04-16,2207,NA,10.7,1,0,1,1,1,1,0
Ireland,2020-04-16,13271,NA,4.9,1,0,1,1,1,1,1
Italy,2020-04-16,168941,NA,60.4,1,1,1,1,1,1,1
Luxembourg,2020-04-16,3444,NA,0.6,1,0,1,1,1,1,1
Netherlands,2020-04-16,29383,NA,17.2,1,0,1,1,1,0,0
Norway,2020-04-16,6896,NA,5.3,1,1,1,0,1,0,0
Portugal,2020-04-16,18841,NA,10.3,1,0,1,1,1,1,0
Sweden,2020-04-16,12540,NA,10.2,0,0,1,1,0,0,0
United States,2020-04-16,667801,NA,327.2,1,1,1,1,1,1,1
Australia,2020-04-17,NA,NA,25,0,1,1,1,1,0,0
Austria,2020-04-17,NA,NA,8.8,1,1,1,1,1,1,0
Belgium,2020-04-17,NA,NA,11.4,1,1,1,1,1,1,0
Canada,2020-04-17,NA,NA,37.1,1,1,1,1,1,0,0
Switzerland,2020-04-17,NA,NA,8.5,1,1,1,1,1,0,0
Germany,2020-04-17,NA,NA,82.9,1,0,1,1,1,0,0
Denmark,2020-04-17,NA,NA,5.8,1,1,1,1,1,0,0
Spain,2020-04-17,NA,NA,46.7,1,1,1,1,1,1,1
Finland,2020-04-17,NA,NA,5.5,1,1,1,1,1,0,0
France,2020-04-17,NA,NA,67,1,1,1,1,1,1,1
United Kingdom,2020-04-17,NA,NA,66.5,1,0,1,1,1,1,0
Greece,2020-04-17,NA,NA,10.7,1,0,1,1,1,1,0
Ireland,2020-04-17,NA,NA,4.9,1,0,1,1,1,1,1
Italy,2020-04-17,NA,NA,60.4,1,1,1,1,1,1,1
Luxembourg,2020-04-17,NA,NA,0.6,1,0,1,1,1,1,1
Netherlands,2020-04-17,NA,NA,17.2,1,0,1,1,1,0,0
Norway,2020-04-17,NA,NA,5.3,1,1,1,0,1,0,0
Portugal,2020-04-17,NA,NA,10.3,1,0,1,1,1,1,0
Sweden,2020-04-17,NA,NA,10.2,0,0,1,1,0,0,0
United States,2020-04-17,NA,NA,327.2,1,1,1,1,1,1,1
